# Blender 5.0.0
# www.blender.org
mtllib EARTHSPECIALFILE.mtl
o Sphere
v 0.000000 1.000000 0.000000
v 0.000000 0.831470 -0.555570
v 0.000000 0.555570 -0.831470
v 0.000000 0.195090 -0.980785
v 0.000000 0.000000 -1.000000
v 0.000000 -0.195090 -0.980785
v 0.000000 -0.555570 -0.831470
v 0.000000 -1.000000 0.000000
v 0.038060 0.980785 -0.191342
v 0.074658 0.923880 -0.375330
v 0.108386 0.831470 -0.544895
v 0.137950 0.707107 -0.693520
v 0.162212 0.555570 -0.815493
v 0.180240 0.382683 -0.906127
v 0.191342 0.195090 -0.961940
v 0.195090 0.000000 -0.980785
v 0.191342 -0.195090 -0.961940
v 0.180240 -0.382683 -0.906127
v 0.162212 -0.555570 -0.815493
v 0.137950 -0.707107 -0.693520
v 0.108386 -0.831470 -0.544895
v 0.074658 -0.923880 -0.375330
v 0.038060 -0.980785 -0.191342
v 0.074658 0.980785 -0.180240
v 0.146447 0.923880 -0.353553
v 0.212608 0.831470 -0.513280
v 0.270598 0.707107 -0.653281
v 0.318190 0.555570 -0.768178
v 0.353553 0.382683 -0.853553
v 0.375330 0.195090 -0.906127
v 0.382683 0.000000 -0.923879
v 0.375330 -0.195090 -0.906127
v 0.353553 -0.382683 -0.853553
v 0.318190 -0.555570 -0.768178
v 0.270598 -0.707107 -0.653281
v 0.212608 -0.831470 -0.513280
v 0.146447 -0.923880 -0.353553
v 0.074658 -0.980785 -0.180240
v 0.108386 0.980785 -0.162212
v 0.212608 0.923880 -0.318190
v 0.308658 0.831470 -0.461940
v 0.392847 0.707107 -0.587938
v 0.461940 0.555570 -0.691342
v 0.513280 0.382683 -0.768178
v 0.544895 0.195090 -0.815493
v 0.555570 0.000000 -0.831469
v 0.544895 -0.195090 -0.815493
v 0.513280 -0.382683 -0.768178
v 0.461940 -0.555570 -0.691342
v 0.392847 -0.707107 -0.587938
v 0.308658 -0.831470 -0.461940
v 0.212608 -0.923880 -0.318190
v 0.108386 -0.980785 -0.162212
v 0.137950 0.980785 -0.137950
v 0.270598 0.923880 -0.270598
v 0.392847 0.831470 -0.392847
v 0.500000 0.707107 -0.500000
v 0.587938 0.555570 -0.587938
v 0.653281 0.382683 -0.653281
v 0.693520 0.195090 -0.693520
v 0.707107 0.000000 -0.707107
v 0.693520 -0.195090 -0.693520
v 0.653281 -0.382683 -0.653281
v 0.587938 -0.555570 -0.587938
v 0.500000 -0.707107 -0.500000
v 0.392847 -0.831470 -0.392847
v 0.270598 -0.923880 -0.270598
v 0.137950 -0.980785 -0.137950
v 0.162212 0.980785 -0.108386
v 0.318190 0.923880 -0.212608
v 0.461940 0.831470 -0.308658
v 0.587938 0.707107 -0.392847
v 0.691342 0.555570 -0.461940
v 0.768178 0.382683 -0.513280
v 0.815493 0.195090 -0.544895
v 0.831470 0.000000 -0.555570
v 0.815493 -0.195090 -0.544895
v 0.768178 -0.382683 -0.513280
v 0.691342 -0.555570 -0.461940
v 0.587938 -0.707107 -0.392847
v 0.461940 -0.831470 -0.308658
v 0.318190 -0.923880 -0.212608
v 0.162212 -0.980785 -0.108386
v 0.180240 0.980785 -0.074658
v 0.353553 0.923880 -0.146447
v 0.513280 0.831470 -0.212607
v 0.653281 0.707107 -0.270598
v 0.768178 0.555570 -0.318190
v 0.853553 0.382683 -0.353553
v 0.906127 0.195090 -0.375330
v 0.923879 0.000000 -0.382683
v 0.906127 -0.195090 -0.375330
v 0.853553 -0.382683 -0.353553
v 0.768178 -0.555570 -0.318190
v 0.653281 -0.707107 -0.270598
v 0.513280 -0.831470 -0.212607
v 0.353553 -0.923880 -0.146447
v 0.180240 -0.980785 -0.074658
v 0.191342 0.980785 -0.038060
v 0.375330 0.923880 -0.074658
v 0.544895 0.831470 -0.108386
v 0.693520 0.707107 -0.137950
v 0.815493 0.555570 -0.162212
v 0.906127 0.382683 -0.180240
v 0.961940 0.195090 -0.191342
v 0.980785 0.000000 -0.195090
v 0.961940 -0.195090 -0.191342
v 0.906127 -0.382683 -0.180240
v 0.815493 -0.555570 -0.162212
v 0.693520 -0.707107 -0.137950
v 0.544895 -0.831470 -0.108386
v 0.375330 -0.923880 -0.074658
v 0.191342 -0.980785 -0.038060
v 0.195090 0.980785 0.000000
v 0.382683 0.923880 0.000000
v 0.555570 0.831470 0.000000
v 0.707107 0.707107 -0.000000
v 0.831469 0.555570 0.000000
v 0.923879 0.382683 -0.000000
v 0.980785 0.195090 0.000000
v 1.000000 0.000000 0.000000
v 0.980785 -0.195090 0.000000
v 0.923879 -0.382683 -0.000000
v 0.831469 -0.555570 0.000000
v 0.707107 -0.707107 -0.000000
v 0.555570 -0.831470 0.000000
v 0.382683 -0.923880 0.000000
v 0.195090 -0.980785 0.000000
v 0.191342 0.980785 0.038060
v 0.375330 0.923880 0.074658
v 0.544895 0.831470 0.108386
v 0.693520 0.707107 0.137950
v 0.815493 0.555570 0.162212
v 0.906127 0.382683 0.180240
v 0.961940 0.195090 0.191342
v 0.980785 0.000000 0.195090
v 0.961940 -0.195090 0.191342
v 0.906127 -0.382683 0.180240
v 0.815493 -0.555570 0.162212
v 0.693520 -0.707107 0.137950
v 0.544895 -0.831470 0.108386
v 0.375330 -0.923880 0.074658
v 0.191342 -0.980785 0.038060
v 0.180240 0.980785 0.074658
v 0.353553 0.923880 0.146447
v 0.513280 0.831470 0.212608
v 0.653281 0.707107 0.270598
v 0.768178 0.555570 0.318190
v 0.853553 0.382683 0.353553
v 0.906127 0.195090 0.375330
v 0.923879 0.000000 0.382683
v 0.906127 -0.195090 0.375330
v 0.853553 -0.382683 0.353553
v 0.768178 -0.555570 0.318190
v 0.653281 -0.707107 0.270598
v 0.513280 -0.831470 0.212608
v 0.353553 -0.923880 0.146447
v 0.180240 -0.980785 0.074658
v 0.162212 0.980785 0.108386
v 0.318190 0.923880 0.212608
v 0.461940 0.831470 0.308658
v 0.587938 0.707107 0.392847
v 0.691341 0.555570 0.461940
v 0.768178 0.382683 0.513280
v 0.815493 0.195090 0.544895
v 0.831469 0.000000 0.555570
v 0.815493 -0.195090 0.544895
v 0.768178 -0.382683 0.513280
v 0.691341 -0.555570 0.461940
v 0.587938 -0.707107 0.392847
v 0.461940 -0.831470 0.308658
v 0.318190 -0.923880 0.212608
v 0.162212 -0.980785 0.108386
v 0.137950 0.980785 0.137950
v 0.270598 0.923880 0.270598
v 0.392847 0.831470 0.392847
v 0.500000 0.707107 0.500000
v 0.587938 0.555570 0.587938
v 0.653281 0.382683 0.653281
v 0.693520 0.195090 0.693520
v 0.707106 0.000000 0.707107
v 0.693520 -0.195090 0.693520
v 0.653281 -0.382683 0.653281
v 0.587938 -0.555570 0.587938
v 0.500000 -0.707107 0.500000
v 0.392847 -0.831470 0.392847
v 0.270598 -0.923880 0.270598
v 0.137950 -0.980785 0.137950
v 0.108386 0.980785 0.162212
v 0.212607 0.923880 0.318190
v 0.308658 0.831470 0.461940
v 0.392847 0.707107 0.587938
v 0.461940 0.555570 0.691342
v 0.513280 0.382683 0.768178
v 0.544895 0.195090 0.815493
v 0.555570 0.000000 0.831469
v 0.544895 -0.195090 0.815493
v 0.513280 -0.382683 0.768178
v 0.461940 -0.555570 0.691342
v 0.392847 -0.707107 0.587938
v 0.308658 -0.831470 0.461940
v 0.212607 -0.923880 0.318190
v 0.108386 -0.980785 0.162212
v 0.074658 0.980785 0.180240
v 0.146447 0.923880 0.353553
v 0.212607 0.831470 0.513280
v 0.270598 0.707107 0.653281
v 0.318189 0.555570 0.768178
v 0.353553 0.382683 0.853553
v 0.375330 0.195090 0.906127
v 0.382683 0.000000 0.923879
v 0.375330 -0.195090 0.906127
v 0.353553 -0.382683 0.853553
v 0.318189 -0.555570 0.768178
v 0.270598 -0.707107 0.653281
v 0.212607 -0.831470 0.513280
v 0.146447 -0.923880 0.353553
v 0.074658 -0.980785 0.180240
v 0.038060 0.980785 0.191342
v 0.074658 0.923880 0.375330
v 0.108386 0.831470 0.544895
v 0.137950 0.707107 0.693520
v 0.162212 0.555570 0.815493
v 0.180240 0.382683 0.906127
v 0.191342 0.195090 0.961939
v 0.195090 0.000000 0.980785
v 0.191342 -0.195090 0.961939
v 0.180240 -0.382683 0.906127
v 0.162212 -0.555570 0.815493
v 0.137950 -0.707107 0.693520
v 0.108386 -0.831470 0.544895
v 0.074658 -0.923880 0.375330
v 0.038060 -0.980785 0.191342
v -0.000000 0.980785 0.195090
v -0.000000 0.923880 0.382683
v -0.000000 0.831470 0.555570
v -0.000000 0.707107 0.707107
v -0.000000 0.555570 0.831469
v 0.000000 0.382683 0.923879
v -0.000000 0.195090 0.980785
v -0.000000 0.000000 0.999999
v -0.000000 -0.195090 0.980785
v 0.000000 -0.382683 0.923879
v -0.000000 -0.555570 0.831469
v -0.000000 -0.707107 0.707107
v -0.000000 -0.831470 0.555570
v -0.000000 -0.923880 0.382683
v -0.000000 -0.980785 0.195090
v -0.038060 0.980785 0.191342
v -0.074658 0.923880 0.375330
v -0.108386 0.831470 0.544895
v -0.137950 0.707107 0.693520
v -0.162212 0.555570 0.815493
v -0.180240 0.382683 0.906127
v -0.191342 0.195090 0.961939
v -0.195091 0.000000 0.980785
v -0.191342 -0.195090 0.961939
v -0.180240 -0.382683 0.906127
v -0.162212 -0.555570 0.815493
v -0.137950 -0.707107 0.693520
v -0.108386 -0.831470 0.544895
v -0.074658 -0.923880 0.375330
v -0.038060 -0.980785 0.191342
v -0.074658 0.980785 0.180240
v -0.146447 0.923880 0.353553
v -0.212608 0.831470 0.513280
v -0.270598 0.707107 0.653281
v -0.318190 0.555570 0.768177
v -0.353553 0.382683 0.853553
v -0.375330 0.195090 0.906127
v -0.382683 0.000000 0.923879
v -0.375330 -0.195090 0.906127
v -0.353553 -0.382683 0.853553
v -0.318190 -0.555570 0.768177
v -0.270598 -0.707107 0.653281
v -0.212608 -0.831470 0.513280
v -0.146447 -0.923880 0.353553
v -0.074658 -0.980785 0.180240
v -0.108386 0.980785 0.162212
v -0.212608 0.923880 0.318190
v -0.308658 0.831470 0.461939
v -0.392847 0.707107 0.587938
v -0.461940 0.555570 0.691341
v -0.513280 0.382683 0.768178
v -0.544895 0.195090 0.815493
v -0.555570 0.000000 0.831469
v -0.544895 -0.195090 0.815493
v -0.513280 -0.382683 0.768178
v -0.461940 -0.555570 0.691341
v -0.392847 -0.707107 0.587938
v -0.308658 -0.831470 0.461939
v -0.212608 -0.923880 0.318190
v -0.108386 -0.980785 0.162212
v -0.137950 0.980785 0.137950
v -0.270598 0.923880 0.270598
v -0.392847 0.831470 0.392847
v -0.500000 0.707107 0.500000
v -0.587938 0.555570 0.587937
v -0.653281 0.382683 0.653281
v -0.693520 0.195090 0.693520
v -0.707106 0.000000 0.707106
v -0.693520 -0.195090 0.693520
v -0.653281 -0.382683 0.653281
v -0.587938 -0.555570 0.587937
v -0.500000 -0.707107 0.500000
v -0.392847 -0.831470 0.392847
v -0.270598 -0.923880 0.270598
v -0.137950 -0.980785 0.137950
v -0.162212 0.980785 0.108386
v -0.318190 0.923880 0.212607
v -0.461940 0.831470 0.308658
v -0.587938 0.707107 0.392847
v -0.691341 0.555570 0.461939
v -0.768177 0.382683 0.513280
v -0.815493 0.195090 0.544895
v -0.831469 0.000000 0.555569
v -0.815493 -0.195090 0.544895
v -0.768177 -0.382683 0.513280
v -0.691341 -0.555570 0.461939
v -0.587938 -0.707107 0.392847
v -0.461940 -0.831470 0.308658
v -0.318190 -0.923880 0.212607
v -0.162212 -0.980785 0.108386
v -0.180240 0.980785 0.074658
v -0.353553 0.923880 0.146447
v -0.513280 0.831470 0.212607
v -0.653281 0.707107 0.270598
v -0.768177 0.555570 0.318189
v -0.853553 0.382683 0.353553
v -0.906127 0.195090 0.375330
v -0.923879 0.000000 0.382683
v -0.906127 -0.195090 0.375330
v -0.853553 -0.382683 0.353553
v -0.768177 -0.555570 0.318189
v -0.653281 -0.707107 0.270598
v -0.513280 -0.831470 0.212607
v -0.353553 -0.923880 0.146447
v -0.180240 -0.980785 0.074658
v -0.191342 0.980785 0.038060
v -0.375330 0.923880 0.074658
v -0.544895 0.831470 0.108386
v -0.693520 0.707107 0.137950
v -0.815493 0.555570 0.162211
v -0.906127 0.382683 0.180240
v -0.961939 0.195090 0.191341
v -0.980784 0.000000 0.195090
v -0.961939 -0.195090 0.191341
v -0.906127 -0.382683 0.180240
v -0.815493 -0.555570 0.162211
v -0.693520 -0.707107 0.137950
v -0.544895 -0.831470 0.108386
v -0.375330 -0.923880 0.074658
v -0.191342 -0.980785 0.038060
v -0.195090 0.980785 -0.000000
v -0.382683 0.923880 -0.000000
v -0.555570 0.831470 -0.000000
v -0.707107 0.707107 -0.000000
v -0.831469 0.555570 -0.000000
v -0.923879 0.382683 -0.000000
v -0.980785 0.195090 -0.000000
v -0.999999 0.000000 -0.000000
v -0.980785 -0.195090 -0.000000
v -0.923879 -0.382683 -0.000000
v -0.831469 -0.555570 -0.000000
v -0.707107 -0.707107 -0.000000
v -0.555570 -0.831470 -0.000000
v -0.382683 -0.923880 -0.000000
v -0.195090 -0.980785 -0.000000
v -0.191342 0.980785 -0.038060
v -0.375330 0.923880 -0.074658
v -0.544895 0.831470 -0.108386
v -0.693520 0.707107 -0.137950
v -0.815493 0.555570 -0.162212
v -0.906127 0.382683 -0.180240
v -0.961939 0.195090 -0.191342
v -0.980784 0.000000 -0.195091
v -0.961939 -0.195090 -0.191342
v -0.906127 -0.382683 -0.180240
v -0.815493 -0.555570 -0.162212
v -0.693520 -0.707107 -0.137950
v -0.544895 -0.831470 -0.108386
v -0.375330 -0.923880 -0.074658
v -0.191342 -0.980785 -0.038060
v -0.180240 0.980785 -0.074658
v -0.353553 0.923880 -0.146447
v -0.513279 0.831470 -0.212607
v -0.653281 0.707107 -0.270598
v -0.768177 0.555570 -0.318190
v -0.853553 0.382683 -0.353553
v -0.906127 0.195090 -0.375330
v -0.923878 0.000000 -0.382683
v -0.906127 -0.195090 -0.375330
v -0.853553 -0.382683 -0.353553
v -0.768177 -0.555570 -0.318190
v -0.653281 -0.707107 -0.270598
v -0.513279 -0.831470 -0.212607
v -0.353553 -0.923880 -0.146447
v -0.180240 -0.980785 -0.074658
v -0.162212 0.980785 -0.108386
v -0.318189 0.923880 -0.212607
v -0.461939 0.831470 -0.308658
v -0.587938 0.707107 -0.392847
v -0.691341 0.555570 -0.461940
v -0.768177 0.382683 -0.513280
v -0.815493 0.195090 -0.544895
v -0.831468 0.000000 -0.555570
v -0.815493 -0.195090 -0.544895
v -0.768177 -0.382683 -0.513280
v -0.691341 -0.555570 -0.461940
v -0.587938 -0.707107 -0.392847
v -0.461939 -0.831470 -0.308658
v -0.318189 -0.923880 -0.212607
v -0.162212 -0.980785 -0.108386
v -0.137950 0.980785 -0.137950
v -0.270598 0.923880 -0.270598
v -0.392847 0.831470 -0.392847
v -0.500000 0.707107 -0.500000
v -0.587937 0.555570 -0.587938
v -0.653281 0.382683 -0.653281
v -0.693519 0.195090 -0.693520
v -0.707106 0.000000 -0.707106
v -0.693519 -0.195090 -0.693520
v -0.653281 -0.382683 -0.653281
v -0.587937 -0.555570 -0.587938
v -0.500000 -0.707107 -0.500000
v -0.392847 -0.831470 -0.392847
v -0.270598 -0.923880 -0.270598
v -0.137950 -0.980785 -0.137950
v -0.108386 0.980785 -0.162212
v -0.212607 0.923880 -0.318190
v -0.308658 0.831470 -0.461939
v -0.392847 0.707107 -0.587938
v -0.461939 0.555570 -0.691341
v -0.513280 0.382683 -0.768177
v -0.544895 0.195090 -0.815493
v -0.555569 0.000000 -0.831469
v -0.544895 -0.195090 -0.815493
v -0.513280 -0.382683 -0.768177
v -0.461939 -0.555570 -0.691341
v -0.392847 -0.707107 -0.587938
v -0.308658 -0.831470 -0.461939
v -0.212607 -0.923880 -0.318190
v -0.108386 -0.980785 -0.162212
v -0.074658 0.980785 -0.180240
v -0.146446 0.923880 -0.353553
v -0.212607 0.831470 -0.513279
v -0.270598 0.707107 -0.653281
v -0.318189 0.555570 -0.768177
v -0.353553 0.382683 -0.853553
v -0.375330 0.195090 -0.906127
v -0.382683 0.000000 -0.923879
v -0.375330 -0.195090 -0.906127
v -0.353553 -0.382683 -0.853553
v -0.318189 -0.555570 -0.768177
v -0.270598 -0.707107 -0.653281
v -0.212607 -0.831470 -0.513279
v -0.146446 -0.923880 -0.353553
v -0.074658 -0.980785 -0.180240
v -0.038060 0.980785 -0.191342
v -0.074658 0.923880 -0.375330
v -0.108386 0.831470 -0.544895
v -0.137950 0.707107 -0.693520
v -0.162211 0.555570 -0.815493
v -0.180240 0.382683 -0.906127
v -0.191341 0.195090 -0.961939
v -0.195090 0.000000 -0.980784
v -0.191341 -0.195090 -0.961939
v -0.180240 -0.382683 -0.906127
v -0.162211 -0.555570 -0.815493
v -0.137950 -0.707107 -0.693520
v -0.108386 -0.831470 -0.544895
v -0.074658 -0.923880 -0.375330
v -0.038060 -0.980785 -0.191342
v 0.000000 0.980785 -0.195090
v 0.000000 0.923880 -0.382683
v 0.000000 0.707107 -0.707107
v 0.000000 0.382683 -0.923879
v 0.000000 -0.382683 -0.923879
v 0.000000 -0.707107 -0.707107
v 0.000000 -0.831470 -0.555570
v 0.000000 -0.923880 -0.382683
v 0.000000 -0.980785 -0.195090
vn -0.0000 1.0000 -0.0000
vn -0.0000 0.8286 -0.5598
vn -0.0000 0.5528 -0.8333
vn -0.0000 0.1939 -0.9810
vn -0.0000 -0.0000 -1.0000
vn -0.0000 -0.1939 -0.9810
vn -0.0000 -0.5528 -0.8333
vn -0.0000 -1.0000 -0.0000
vn 0.0392 0.9796 -0.1971
vn 0.0757 0.9217 -0.3804
vn 0.1092 0.8286 -0.5490
vn 0.1385 0.7041 -0.6965
vn 0.1626 0.5528 -0.8173
vn 0.1804 0.3805 -0.9070
vn 0.1914 0.1939 -0.9622
vn 0.1951 -0.0000 -0.9808
vn 0.1914 -0.1939 -0.9622
vn 0.1804 -0.3805 -0.9070
vn 0.1626 -0.5528 -0.8173
vn 0.1385 -0.7041 -0.6965
vn 0.1092 -0.8286 -0.5490
vn 0.0757 -0.9217 -0.3804
vn 0.0392 -0.9796 -0.1971
vn 0.0769 0.9796 -0.1857
vn 0.1484 0.9217 -0.3584
vn 0.2142 0.8286 -0.5172
vn 0.2718 0.7041 -0.6561
vn 0.3189 0.5528 -0.7699
vn 0.3539 0.3805 -0.8544
vn 0.3754 0.1939 -0.9063
vn 0.3827 -0.0000 -0.9239
vn 0.3754 -0.1939 -0.9063
vn 0.3539 -0.3805 -0.8544
vn 0.3189 -0.5528 -0.7699
vn 0.2718 -0.7041 -0.6561
vn 0.2142 -0.8286 -0.5172
vn 0.1484 -0.9217 -0.3584
vn 0.0769 -0.9796 -0.1857
vn 0.1117 0.9796 -0.1671
vn 0.2155 0.9217 -0.3225
vn 0.3110 0.8286 -0.4654
vn 0.3945 0.7041 -0.5905
vn 0.4630 0.5528 -0.6929
vn 0.5138 0.3805 -0.7689
vn 0.5450 0.1939 -0.8157
vn 0.5556 -0.0000 -0.8315
vn 0.5450 -0.1939 -0.8157
vn 0.5138 -0.3805 -0.7689
vn 0.4630 -0.5528 -0.6929
vn 0.3945 -0.7041 -0.5905
vn 0.3110 -0.8286 -0.4654
vn 0.2155 -0.9217 -0.3225
vn 0.1117 -0.9796 -0.1671
vn 0.1421 0.9796 -0.1421
vn 0.2743 0.9217 -0.2743
vn 0.3958 0.8286 -0.3958
vn 0.5021 0.7041 -0.5021
vn 0.5893 0.5528 -0.5893
vn 0.6539 0.3805 -0.6539
vn 0.6937 0.1939 -0.6937
vn 0.7071 -0.0000 -0.7071
vn 0.6937 -0.1939 -0.6937
vn 0.6539 -0.3805 -0.6539
vn 0.5893 -0.5528 -0.5893
vn 0.5021 -0.7041 -0.5021
vn 0.3958 -0.8286 -0.3958
vn 0.2743 -0.9217 -0.2743
vn 0.1421 -0.9796 -0.1421
vn 0.1671 0.9796 -0.1117
vn 0.3225 0.9217 -0.2155
vn 0.4654 0.8286 -0.3110
vn 0.5905 0.7041 -0.3945
vn 0.6929 0.5528 -0.4630
vn 0.7689 0.3805 -0.5138
vn 0.8157 0.1939 -0.5450
vn 0.8315 -0.0000 -0.5556
vn 0.8157 -0.1939 -0.5450
vn 0.7689 -0.3805 -0.5138
vn 0.6929 -0.5528 -0.4630
vn 0.5905 -0.7041 -0.3945
vn 0.4654 -0.8286 -0.3110
vn 0.3225 -0.9217 -0.2155
vn 0.1671 -0.9796 -0.1117
vn 0.1857 0.9796 -0.0769
vn 0.3584 0.9217 -0.1484
vn 0.5172 0.8286 -0.2142
vn 0.6561 0.7041 -0.2718
vn 0.7699 0.5528 -0.3189
vn 0.8544 0.3805 -0.3539
vn 0.9063 0.1939 -0.3754
vn 0.9239 -0.0000 -0.3827
vn 0.9063 -0.1939 -0.3754
vn 0.8544 -0.3805 -0.3539
vn 0.7699 -0.5528 -0.3189
vn 0.6561 -0.7041 -0.2718
vn 0.5172 -0.8286 -0.2142
vn 0.3584 -0.9217 -0.1484
vn 0.1857 -0.9796 -0.0769
vn 0.1971 0.9796 -0.0392
vn 0.3804 0.9217 -0.0757
vn 0.5490 0.8286 -0.1092
vn 0.6965 0.7041 -0.1385
vn 0.8173 0.5528 -0.1626
vn 0.9070 0.3805 -0.1804
vn 0.9622 0.1939 -0.1914
vn 0.9808 -0.0000 -0.1951
vn 0.9622 -0.1939 -0.1914
vn 0.9070 -0.3805 -0.1804
vn 0.8173 -0.5528 -0.1626
vn 0.6965 -0.7041 -0.1385
vn 0.5490 -0.8286 -0.1092
vn 0.3804 -0.9217 -0.0757
vn 0.1971 -0.9796 -0.0392
vn 0.2010 0.9796 -0.0000
vn 0.3879 0.9217 -0.0000
vn 0.5598 0.8286 -0.0000
vn 0.7101 0.7041 -0.0000
vn 0.8333 0.5528 -0.0000
vn 0.9248 0.3805 -0.0000
vn 0.9810 0.1939 -0.0000
vn 1.0000 -0.0000 -0.0000
vn 0.9810 -0.1939 -0.0000
vn 0.9248 -0.3805 -0.0000
vn 0.8333 -0.5528 -0.0000
vn 0.7101 -0.7041 -0.0000
vn 0.5598 -0.8286 -0.0000
vn 0.3879 -0.9217 -0.0000
vn 0.2010 -0.9796 -0.0000
vn 0.1971 0.9796 0.0392
vn 0.3804 0.9217 0.0757
vn 0.5490 0.8286 0.1092
vn 0.6965 0.7041 0.1385
vn 0.8173 0.5528 0.1626
vn 0.9070 0.3805 0.1804
vn 0.9622 0.1939 0.1914
vn 0.9808 -0.0000 0.1951
vn 0.9622 -0.1939 0.1914
vn 0.9070 -0.3805 0.1804
vn 0.8173 -0.5528 0.1626
vn 0.6965 -0.7041 0.1385
vn 0.5490 -0.8286 0.1092
vn 0.3804 -0.9217 0.0757
vn 0.1971 -0.9796 0.0392
vn 0.1857 0.9796 0.0769
vn 0.3584 0.9217 0.1484
vn 0.5172 0.8286 0.2142
vn 0.6561 0.7041 0.2718
vn 0.7699 0.5528 0.3189
vn 0.8544 0.3805 0.3539
vn 0.9063 0.1939 0.3754
vn 0.9239 -0.0000 0.3827
vn 0.9063 -0.1939 0.3754
vn 0.8544 -0.3805 0.3539
vn 0.7699 -0.5528 0.3189
vn 0.6561 -0.7041 0.2718
vn 0.5172 -0.8286 0.2142
vn 0.3584 -0.9217 0.1484
vn 0.1857 -0.9796 0.0769
vn 0.1671 0.9796 0.1117
vn 0.3225 0.9217 0.2155
vn 0.4654 0.8286 0.3110
vn 0.5905 0.7041 0.3945
vn 0.6929 0.5528 0.4630
vn 0.7689 0.3805 0.5138
vn 0.8157 0.1939 0.5450
vn 0.8315 -0.0000 0.5556
vn 0.8157 -0.1939 0.5450
vn 0.7689 -0.3805 0.5138
vn 0.6929 -0.5528 0.4630
vn 0.5905 -0.7041 0.3945
vn 0.4654 -0.8286 0.3110
vn 0.3225 -0.9217 0.2155
vn 0.1671 -0.9796 0.1117
vn 0.1421 0.9796 0.1421
vn 0.2743 0.9217 0.2743
vn 0.3958 0.8286 0.3958
vn 0.5021 0.7041 0.5021
vn 0.5893 0.5528 0.5893
vn 0.6539 0.3805 0.6539
vn 0.6937 0.1939 0.6937
vn 0.7071 -0.0000 0.7071
vn 0.6937 -0.1939 0.6937
vn 0.6539 -0.3805 0.6539
vn 0.5893 -0.5528 0.5893
vn 0.5021 -0.7041 0.5021
vn 0.3958 -0.8286 0.3958
vn 0.2743 -0.9217 0.2743
vn 0.1421 -0.9796 0.1421
vn 0.1117 0.9796 0.1671
vn 0.2155 0.9217 0.3225
vn 0.3110 0.8286 0.4654
vn 0.3945 0.7041 0.5905
vn 0.4630 0.5528 0.6929
vn 0.5138 0.3805 0.7689
vn 0.5450 0.1939 0.8157
vn 0.5556 -0.0000 0.8315
vn 0.5450 -0.1939 0.8157
vn 0.5138 -0.3805 0.7689
vn 0.4630 -0.5528 0.6929
vn 0.3945 -0.7041 0.5905
vn 0.3110 -0.8286 0.4654
vn 0.2155 -0.9217 0.3225
vn 0.1117 -0.9796 0.1671
vn 0.0769 0.9796 0.1857
vn 0.1484 0.9217 0.3584
vn 0.2142 0.8286 0.5172
vn 0.2718 0.7041 0.6561
vn 0.3189 0.5528 0.7699
vn 0.3539 0.3805 0.8544
vn 0.3754 0.1939 0.9063
vn 0.3827 -0.0000 0.9239
vn 0.3754 -0.1939 0.9063
vn 0.3539 -0.3805 0.8544
vn 0.3189 -0.5528 0.7699
vn 0.2718 -0.7041 0.6561
vn 0.2142 -0.8286 0.5172
vn 0.1484 -0.9217 0.3584
vn 0.0769 -0.9796 0.1857
vn 0.0392 0.9796 0.1971
vn 0.0757 0.9217 0.3804
vn 0.1092 0.8286 0.5490
vn 0.1385 0.7041 0.6965
vn 0.1626 0.5528 0.8173
vn 0.1804 0.3805 0.9070
vn 0.1914 0.1939 0.9622
vn 0.1951 -0.0000 0.9808
vn 0.1914 -0.1939 0.9622
vn 0.1804 -0.3805 0.9070
vn 0.1626 -0.5528 0.8173
vn 0.1385 -0.7041 0.6965
vn 0.1092 -0.8286 0.5490
vn 0.0757 -0.9217 0.3804
vn 0.0392 -0.9796 0.1971
vn -0.0000 0.9796 0.2010
vn -0.0000 0.9217 0.3879
vn -0.0000 0.8286 0.5598
vn -0.0000 0.7041 0.7101
vn -0.0000 0.5528 0.8333
vn -0.0000 0.3805 0.9248
vn -0.0000 0.1939 0.9810
vn -0.0000 -0.0000 1.0000
vn -0.0000 -0.1939 0.9810
vn -0.0000 -0.3805 0.9248
vn -0.0000 -0.5528 0.8333
vn -0.0000 -0.7041 0.7101
vn -0.0000 -0.8286 0.5598
vn -0.0000 -0.9217 0.3879
vn -0.0000 -0.9796 0.2010
vn -0.0392 0.9796 0.1971
vn -0.0757 0.9217 0.3804
vn -0.1092 0.8286 0.5490
vn -0.1385 0.7041 0.6965
vn -0.1626 0.5528 0.8173
vn -0.1804 0.3805 0.9070
vn -0.1914 0.1939 0.9622
vn -0.1951 -0.0000 0.9808
vn -0.1914 -0.1939 0.9622
vn -0.1804 -0.3805 0.9070
vn -0.1626 -0.5528 0.8173
vn -0.1385 -0.7041 0.6965
vn -0.1092 -0.8286 0.5490
vn -0.0757 -0.9217 0.3804
vn -0.0392 -0.9796 0.1971
vn -0.0769 0.9796 0.1857
vn -0.1484 0.9217 0.3584
vn -0.2142 0.8286 0.5172
vn -0.2718 0.7041 0.6561
vn -0.3189 0.5528 0.7699
vn -0.3539 0.3805 0.8544
vn -0.3754 0.1939 0.9063
vn -0.3827 -0.0000 0.9239
vn -0.3754 -0.1939 0.9063
vn -0.3539 -0.3805 0.8544
vn -0.3189 -0.5528 0.7699
vn -0.2718 -0.7041 0.6561
vn -0.2142 -0.8286 0.5172
vn -0.1484 -0.9217 0.3584
vn -0.0769 -0.9796 0.1857
vn -0.1117 0.9796 0.1671
vn -0.2155 0.9217 0.3225
vn -0.3110 0.8286 0.4654
vn -0.3945 0.7041 0.5905
vn -0.4630 0.5528 0.6929
vn -0.5138 0.3805 0.7689
vn -0.5450 0.1939 0.8157
vn -0.5556 -0.0000 0.8315
vn -0.5450 -0.1939 0.8157
vn -0.5138 -0.3805 0.7689
vn -0.4630 -0.5528 0.6929
vn -0.3945 -0.7041 0.5905
vn -0.3110 -0.8286 0.4654
vn -0.2155 -0.9217 0.3225
vn -0.1117 -0.9796 0.1671
vn -0.1421 0.9796 0.1421
vn -0.2743 0.9217 0.2743
vn -0.3958 0.8286 0.3958
vn -0.5021 0.7041 0.5021
vn -0.5893 0.5528 0.5893
vn -0.6539 0.3805 0.6539
vn -0.6937 0.1939 0.6937
vn -0.7071 -0.0000 0.7071
vn -0.6937 -0.1939 0.6937
vn -0.6539 -0.3805 0.6539
vn -0.5893 -0.5528 0.5893
vn -0.5021 -0.7041 0.5021
vn -0.3958 -0.8286 0.3958
vn -0.2743 -0.9217 0.2743
vn -0.1421 -0.9796 0.1421
vn -0.1671 0.9796 0.1117
vn -0.3225 0.9217 0.2155
vn -0.4654 0.8286 0.3110
vn -0.5905 0.7041 0.3945
vn -0.6929 0.5528 0.4630
vn -0.7689 0.3805 0.5138
vn -0.8157 0.1939 0.5450
vn -0.8315 -0.0000 0.5556
vn -0.8157 -0.1939 0.5450
vn -0.7689 -0.3805 0.5138
vn -0.6929 -0.5528 0.4630
vn -0.5905 -0.7041 0.3945
vn -0.4654 -0.8286 0.3110
vn -0.3225 -0.9217 0.2155
vn -0.1671 -0.9796 0.1117
vn -0.1857 0.9796 0.0769
vn -0.3584 0.9217 0.1484
vn -0.5172 0.8286 0.2142
vn -0.6561 0.7041 0.2718
vn -0.7699 0.5528 0.3189
vn -0.8544 0.3805 0.3539
vn -0.9063 0.1939 0.3754
vn -0.9239 -0.0000 0.3827
vn -0.9063 -0.1939 0.3754
vn -0.8544 -0.3805 0.3539
vn -0.7699 -0.5528 0.3189
vn -0.6561 -0.7041 0.2718
vn -0.5172 -0.8286 0.2142
vn -0.3584 -0.9217 0.1484
vn -0.1857 -0.9796 0.0769
vn -0.1971 0.9796 0.0392
vn -0.3804 0.9217 0.0757
vn -0.5490 0.8286 0.1092
vn -0.6965 0.7041 0.1385
vn -0.8173 0.5528 0.1626
vn -0.9070 0.3805 0.1804
vn -0.9622 0.1939 0.1914
vn -0.9808 -0.0000 0.1951
vn -0.9622 -0.1939 0.1914
vn -0.9070 -0.3805 0.1804
vn -0.8173 -0.5528 0.1626
vn -0.6965 -0.7041 0.1385
vn -0.5490 -0.8286 0.1092
vn -0.3804 -0.9217 0.0757
vn -0.1971 -0.9796 0.0392
vn -0.2010 0.9796 -0.0000
vn -0.3879 0.9217 -0.0000
vn -0.5598 0.8286 -0.0000
vn -0.7101 0.7041 -0.0000
vn -0.8333 0.5528 -0.0000
vn -0.9248 0.3805 -0.0000
vn -0.9810 0.1939 -0.0000
vn -1.0000 -0.0000 -0.0000
vn -0.9810 -0.1939 -0.0000
vn -0.9248 -0.3805 -0.0000
vn -0.8333 -0.5528 -0.0000
vn -0.7101 -0.7041 -0.0000
vn -0.5598 -0.8286 -0.0000
vn -0.3879 -0.9217 -0.0000
vn -0.2010 -0.9796 -0.0000
vn -0.1971 0.9796 -0.0392
vn -0.3804 0.9217 -0.0757
vn -0.5490 0.8286 -0.1092
vn -0.6965 0.7041 -0.1385
vn -0.8173 0.5528 -0.1626
vn -0.9070 0.3805 -0.1804
vn -0.9622 0.1939 -0.1914
vn -0.9808 -0.0000 -0.1951
vn -0.9622 -0.1939 -0.1914
vn -0.9070 -0.3805 -0.1804
vn -0.8173 -0.5528 -0.1626
vn -0.6965 -0.7041 -0.1385
vn -0.5490 -0.8286 -0.1092
vn -0.3804 -0.9217 -0.0757
vn -0.1971 -0.9796 -0.0392
vn -0.1857 0.9796 -0.0769
vn -0.3584 0.9217 -0.1484
vn -0.5172 0.8286 -0.2142
vn -0.6561 0.7041 -0.2718
vn -0.7699 0.5528 -0.3189
vn -0.8544 0.3805 -0.3539
vn -0.9063 0.1939 -0.3754
vn -0.9239 -0.0000 -0.3827
vn -0.9063 -0.1939 -0.3754
vn -0.8544 -0.3805 -0.3539
vn -0.7699 -0.5528 -0.3189
vn -0.6561 -0.7041 -0.2718
vn -0.5172 -0.8286 -0.2142
vn -0.3584 -0.9217 -0.1484
vn -0.1857 -0.9796 -0.0769
vn -0.1671 0.9796 -0.1117
vn -0.3225 0.9217 -0.2155
vn -0.4654 0.8286 -0.3110
vn -0.5905 0.7041 -0.3945
vn -0.6929 0.5528 -0.4630
vn -0.7689 0.3805 -0.5138
vn -0.8157 0.1939 -0.5450
vn -0.8315 -0.0000 -0.5556
vn -0.8157 -0.1939 -0.5450
vn -0.7689 -0.3805 -0.5138
vn -0.6929 -0.5528 -0.4630
vn -0.5905 -0.7041 -0.3945
vn -0.4654 -0.8286 -0.3110
vn -0.3225 -0.9217 -0.2155
vn -0.1671 -0.9796 -0.1117
vn -0.1421 0.9796 -0.1421
vn -0.2743 0.9217 -0.2743
vn -0.3958 0.8286 -0.3958
vn -0.5021 0.7041 -0.5021
vn -0.5893 0.5528 -0.5893
vn -0.6539 0.3805 -0.6539
vn -0.6937 0.1939 -0.6937
vn -0.7071 -0.0000 -0.7071
vn -0.6937 -0.1939 -0.6937
vn -0.6539 -0.3805 -0.6539
vn -0.5893 -0.5528 -0.5893
vn -0.5021 -0.7041 -0.5021
vn -0.3958 -0.8286 -0.3958
vn -0.2743 -0.9217 -0.2743
vn -0.1421 -0.9796 -0.1421
vn -0.1117 0.9796 -0.1671
vn -0.2155 0.9217 -0.3225
vn -0.3110 0.8286 -0.4654
vn -0.3945 0.7041 -0.5905
vn -0.4630 0.5528 -0.6929
vn -0.5138 0.3805 -0.7689
vn -0.5450 0.1939 -0.8157
vn -0.5556 -0.0000 -0.8315
vn -0.5450 -0.1939 -0.8157
vn -0.5138 -0.3805 -0.7689
vn -0.4630 -0.5528 -0.6929
vn -0.3945 -0.7041 -0.5905
vn -0.3110 -0.8286 -0.4654
vn -0.2155 -0.9217 -0.3225
vn -0.1117 -0.9796 -0.1671
vn -0.0769 0.9796 -0.1857
vn -0.1484 0.9217 -0.3584
vn -0.2142 0.8286 -0.5172
vn -0.2718 0.7041 -0.6561
vn -0.3189 0.5528 -0.7699
vn -0.3539 0.3805 -0.8544
vn -0.3754 0.1939 -0.9063
vn -0.3827 -0.0000 -0.9239
vn -0.3754 -0.1939 -0.9063
vn -0.3539 -0.3805 -0.8544
vn -0.3189 -0.5528 -0.7699
vn -0.2718 -0.7041 -0.6561
vn -0.2142 -0.8286 -0.5172
vn -0.1484 -0.9217 -0.3584
vn -0.0769 -0.9796 -0.1857
vn -0.0392 0.9796 -0.1971
vn -0.0757 0.9217 -0.3804
vn -0.1092 0.8286 -0.5490
vn -0.1385 0.7041 -0.6965
vn -0.1626 0.5528 -0.8173
vn -0.1804 0.3805 -0.9070
vn -0.1914 0.1939 -0.9622
vn -0.1951 -0.0000 -0.9808
vn -0.1914 -0.1939 -0.9622
vn -0.1804 -0.3805 -0.9070
vn -0.1626 -0.5528 -0.8173
vn -0.1385 -0.7041 -0.6965
vn -0.1092 -0.8286 -0.5490
vn -0.0757 -0.9217 -0.3804
vn -0.0392 -0.9796 -0.1971
vn -0.0000 0.9796 -0.2010
vn -0.0000 0.9217 -0.3879
vn -0.0000 0.7041 -0.7101
vn -0.0000 0.3805 -0.9248
vn -0.0000 -0.3805 -0.9248
vn -0.0000 -0.7041 -0.7101
vn -0.0000 -0.8286 -0.5598
vn -0.0000 -0.9217 -0.3879
vn -0.0000 -0.9796 -0.2010
vt 0.750000 0.125000
vt 0.750000 0.187500
vt 0.718750 0.187500
vt 0.718750 0.125000
vt 0.750000 0.562500
vt 0.750000 0.625000
vt 0.718750 0.625000
vt 0.718750 0.562500
vt 0.750000 0.062500
vt 0.718750 0.062500
vt 0.750000 0.500000
vt 0.718750 0.500000
vt 0.750000 0.937500
vt 0.734375 1.000000
vt 0.718750 0.937500
vt 0.734375 0.000000
vt 0.750000 0.437500
vt 0.718750 0.437500
vt 0.750000 0.875000
vt 0.718750 0.875000
vt 0.750000 0.375000
vt 0.718750 0.375000
vt 0.750000 0.812500
vt 0.718750 0.812500
vt 0.750000 0.312500
vt 0.718750 0.312500
vt 0.750000 0.750000
vt 0.718750 0.750000
vt 0.750000 0.250000
vt 0.718750 0.250000
vt 0.750000 0.687500
vt 0.718750 0.687500
vt 0.687500 0.750000
vt 0.687500 0.687500
vt 0.687500 0.250000
vt 0.687500 0.187500
vt 0.687500 0.625000
vt 0.687500 0.125000
vt 0.687500 0.562500
vt 0.687500 0.062500
vt 0.687500 0.500000
vt 0.703125 1.000000
vt 0.687500 0.937500
vt 0.703125 0.000000
vt 0.687500 0.437500
vt 0.687500 0.875000
vt 0.687500 0.375000
vt 0.687500 0.812500
vt 0.687500 0.312500
vt 0.656250 0.500000
vt 0.656250 0.437500
vt 0.656250 0.937500
vt 0.656250 0.875000
vt 0.656250 0.375000
vt 0.656250 0.812500
vt 0.656250 0.312500
vt 0.656250 0.750000
vt 0.656250 0.250000
vt 0.656250 0.687500
vt 0.656250 0.187500
vt 0.656250 0.625000
vt 0.656250 0.125000
vt 0.656250 0.562500
vt 0.656250 0.062500
vt 0.671875 1.000000
vt 0.671875 0.000000
vt 0.625000 0.250000
vt 0.625000 0.187500
vt 0.625000 0.687500
vt 0.625000 0.625000
vt 0.625000 0.125000
vt 0.625000 0.562500
vt 0.625000 0.062500
vt 0.625000 0.500000
vt 0.640625 1.000000
vt 0.625000 0.937500
vt 0.640625 0.000000
vt 0.625000 0.437500
vt 0.625000 0.875000
vt 0.625000 0.375000
vt 0.625000 0.812500
vt 0.625000 0.312500
vt 0.625000 0.750000
vt 0.593750 0.437500
vt 0.593750 0.375000
vt 0.593750 0.875000
vt 0.593750 0.812500
vt 0.593750 0.312500
vt 0.593750 0.750000
vt 0.593750 0.250000
vt 0.593750 0.687500
vt 0.593750 0.187500
vt 0.593750 0.625000
vt 0.593750 0.125000
vt 0.593750 0.562500
vt 0.593750 0.062500
vt 0.593750 0.500000
vt 0.609375 1.000000
vt 0.593750 0.937500
vt 0.609375 0.000000
vt 0.562500 0.187500
vt 0.562500 0.125000
vt 0.562500 0.625000
vt 0.562500 0.562500
vt 0.562500 0.062500
vt 0.562500 0.500000
vt 0.578125 1.000000
vt 0.562500 0.937500
vt 0.578125 0.000000
vt 0.562500 0.437500
vt 0.562500 0.875000
vt 0.562500 0.375000
vt 0.562500 0.812500
vt 0.562500 0.312500
vt 0.562500 0.750000
vt 0.562500 0.250000
vt 0.562500 0.687500
vt 0.531250 0.875000
vt 0.531250 0.812500
vt 0.531250 0.375000
vt 0.531250 0.312500
vt 0.531250 0.750000
vt 0.531250 0.250000
vt 0.531250 0.687500
vt 0.531250 0.187500
vt 0.531250 0.625000
vt 0.531250 0.125000
vt 0.531250 0.562500
vt 0.531250 0.062500
vt 0.531250 0.500000
vt 0.546875 1.000000
vt 0.531250 0.937500
vt 0.546875 0.000000
vt 0.531250 0.437500
vt 0.500000 0.625000
vt 0.500000 0.562500
vt 0.500000 0.125000
vt 0.500000 0.062500
vt 0.500000 0.500000
vt 0.515625 1.000000
vt 0.500000 0.937500
vt 0.515625 0.000000
vt 0.500000 0.437500
vt 0.500000 0.875000
vt 0.500000 0.375000
vt 0.500000 0.812500
vt 0.500000 0.312500
vt 0.500000 0.750000
vt 0.500000 0.250000
vt 0.500000 0.687500
vt 0.500000 0.187500
vt 0.468750 0.375000
vt 0.468750 0.312500
vt 0.468750 0.812500
vt 0.468750 0.750000
vt 0.468750 0.250000
vt 0.468750 0.687500
vt 0.468750 0.187500
vt 0.468750 0.625000
vt 0.468750 0.125000
vt 0.468750 0.562500
vt 0.468750 0.062500
vt 0.468750 0.500000
vt 0.484375 1.000000
vt 0.468750 0.937500
vt 0.484375 0.000000
vt 0.468750 0.437500
vt 0.468750 0.875000
vt 0.437500 0.125000
vt 0.437500 0.062500
vt 0.437500 0.562500
vt 0.437500 0.500000
vt 0.453125 1.000000
vt 0.437500 0.937500
vt 0.453125 0.000000
vt 0.437500 0.437500
vt 0.437500 0.875000
vt 0.437500 0.375000
vt 0.437500 0.812500
vt 0.437500 0.312500
vt 0.437500 0.750000
vt 0.437500 0.250000
vt 0.437500 0.687500
vt 0.437500 0.187500
vt 0.437500 0.625000
vt 0.406250 0.812500
vt 0.406250 0.750000
vt 0.406250 0.312500
vt 0.406250 0.250000
vt 0.406250 0.687500
vt 0.406250 0.187500
vt 0.406250 0.625000
vt 0.406250 0.125000
vt 0.406250 0.562500
vt 0.406250 0.062500
vt 0.406250 0.500000
vt 0.421875 1.000000
vt 0.406250 0.937500
vt 0.421875 0.000000
vt 0.406250 0.437500
vt 0.406250 0.875000
vt 0.406250 0.375000
vt 0.375000 0.562500
vt 0.375000 0.500000
vt 0.390625 1.000000
vt 0.375000 0.937500
vt 0.390625 0.000000
vt 0.375000 0.062500
vt 0.375000 0.437500
vt 0.375000 0.875000
vt 0.375000 0.375000
vt 0.375000 0.812500
vt 0.375000 0.312500
vt 0.375000 0.750000
vt 0.375000 0.250000
vt 0.375000 0.687500
vt 0.375000 0.187500
vt 0.375000 0.625000
vt 0.375000 0.125000
vt 0.343750 0.312500
vt 0.343750 0.250000
vt 0.343750 0.750000
vt 0.343750 0.687500
vt 0.343750 0.187500
vt 0.343750 0.625000
vt 0.343750 0.125000
vt 0.343750 0.562500
vt 0.343750 0.062500
vt 0.343750 0.500000
vt 0.359375 1.000000
vt 0.343750 0.937500
vt 0.359375 0.000000
vt 0.343750 0.437500
vt 0.343750 0.875000
vt 0.343750 0.375000
vt 0.343750 0.812500
vt 0.328125 0.000000
vt 0.312500 0.062500
vt 0.312500 0.500000
vt 0.312500 0.437500
vt 0.312500 0.937500
vt 0.312500 0.875000
vt 0.312500 0.375000
vt 0.312500 0.812500
vt 0.312500 0.312500
vt 0.312500 0.750000
vt 0.312500 0.250000
vt 0.312500 0.687500
vt 0.312500 0.187500
vt 0.312500 0.625000
vt 0.312500 0.125000
vt 0.312500 0.562500
vt 0.328125 1.000000
vt 0.281250 0.250000
vt 0.281250 0.187500
vt 0.281250 0.687500
vt 0.281250 0.625000
vt 0.281250 0.125000
vt 0.281250 0.562500
vt 0.281250 0.062500
vt 0.281250 0.500000
vt 0.296875 1.000000
vt 0.281250 0.937500
vt 0.296875 0.000000
vt 0.281250 0.437500
vt 0.281250 0.875000
vt 0.281250 0.375000
vt 0.281250 0.812500
vt 0.281250 0.312500
vt 0.281250 0.750000
vt 0.250000 0.937500
vt 0.250000 0.875000
vt 0.250000 0.437500
vt 0.250000 0.375000
vt 0.250000 0.812500
vt 0.250000 0.312500
vt 0.250000 0.750000
vt 0.250000 0.250000
vt 0.250000 0.687500
vt 0.250000 0.187500
vt 0.250000 0.625000
vt 0.250000 0.125000
vt 0.250000 0.562500
vt 0.250000 0.062500
vt 0.250000 0.500000
vt 0.265625 1.000000
vt 0.265625 0.000000
vt 0.218750 0.687500
vt 0.218750 0.625000
vt 0.218750 0.187500
vt 0.218750 0.125000
vt 0.218750 0.562500
vt 0.218750 0.062500
vt 0.218750 0.500000
vt 0.234375 1.000000
vt 0.218750 0.937500
vt 0.234375 0.000000
vt 0.218750 0.437500
vt 0.218750 0.875000
vt 0.218750 0.375000
vt 0.218750 0.812500
vt 0.218750 0.312500
vt 0.218750 0.750000
vt 0.218750 0.250000
vt 0.187500 0.437500
vt 0.187500 0.375000
vt 0.187500 0.875000
vt 0.187500 0.812500
vt 0.187500 0.312500
vt 0.187500 0.750000
vt 0.187500 0.250000
vt 0.187500 0.687500
vt 0.187500 0.187500
vt 0.187500 0.625000
vt 0.187500 0.125000
vt 0.187500 0.562500
vt 0.187500 0.062500
vt 0.187500 0.500000
vt 0.203125 1.000000
vt 0.187500 0.937500
vt 0.203125 0.000000
vt 0.156250 0.187500
vt 0.156250 0.125000
vt 0.156250 0.625000
vt 0.156250 0.562500
vt 0.156250 0.062500
vt 0.156250 0.500000
vt 0.171875 1.000000
vt 0.156250 0.937500
vt 0.171875 0.000000
vt 0.156250 0.437500
vt 0.156250 0.875000
vt 0.156250 0.375000
vt 0.156250 0.812500
vt 0.156250 0.312500
vt 0.156250 0.750000
vt 0.156250 0.250000
vt 0.156250 0.687500
vt 0.125000 0.875000
vt 0.125000 0.812500
vt 0.125000 0.375000
vt 0.125000 0.312500
vt 0.125000 0.750000
vt 0.125000 0.250000
vt 0.125000 0.687500
vt 0.125000 0.187500
vt 0.125000 0.625000
vt 0.125000 0.125000
vt 0.125000 0.562500
vt 0.125000 0.062500
vt 0.125000 0.500000
vt 0.140625 1.000000
vt 0.125000 0.937500
vt 0.140625 0.000000
vt 0.125000 0.437500
vt 0.093750 0.625000
vt 0.093750 0.562500
vt 0.093750 0.125000
vt 0.093750 0.062500
vt 0.093750 0.500000
vt 0.109375 1.000000
vt 0.093750 0.937500
vt 0.109375 0.000000
vt 0.093750 0.437500
vt 0.093750 0.875000
vt 0.093750 0.375000
vt 0.093750 0.812500
vt 0.093750 0.312500
vt 0.093750 0.750000
vt 0.093750 0.250000
vt 0.093750 0.687500
vt 0.093750 0.187500
vt 0.062500 0.375000
vt 0.062500 0.312500
vt 0.062500 0.812500
vt 0.062500 0.750000
vt 0.062500 0.250000
vt 0.062500 0.687500
vt 0.062500 0.187500
vt 0.062500 0.625000
vt 0.062500 0.125000
vt 0.062500 0.562500
vt 0.062500 0.062500
vt 0.062500 0.500000
vt 0.078125 1.000000
vt 0.062500 0.937500
vt 0.078125 0.000000
vt 0.062500 0.437500
vt 0.062500 0.875000
vt 0.031250 0.125000
vt 0.031250 0.062500
vt 0.031250 0.562500
vt 0.031250 0.500000
vt 0.046875 1.000000
vt 0.031250 0.937500
vt 0.046875 0.000000
vt 0.031250 0.437500
vt 0.031250 0.875000
vt 0.031250 0.375000
vt 0.031250 0.812500
vt 0.031250 0.312500
vt 0.031250 0.750000
vt 0.031250 0.250000
vt 0.031250 0.687500
vt 0.031250 0.187500
vt 0.031250 0.625000
vt 0.000000 0.312500
vt 0.000000 0.250000
vt 0.000000 0.750000
vt 0.000000 0.687500
vt 0.000000 0.187500
vt 0.000000 0.625000
vt 0.000000 0.125000
vt 0.000000 0.562500
vt 0.000000 0.062500
vt 0.000000 0.500000
vt 0.015625 1.000000
vt 0.000000 0.937500
vt 0.015625 0.000000
vt 0.000000 0.437500
vt 0.000000 0.875000
vt 0.000000 0.375000
vt 0.000000 0.812500
vt 1.000000 0.937500
vt 0.984375 1.000000
vt 0.968750 0.937500
vt 0.984375 0.000000
vt 1.000000 0.062500
vt 0.968750 0.062500
vt 1.000000 0.437500
vt 1.000000 0.500000
vt 0.968750 0.500000
vt 0.968750 0.437500
vt 1.000000 0.875000
vt 0.968750 0.875000
vt 1.000000 0.375000
vt 0.968750 0.375000
vt 1.000000 0.812500
vt 0.968750 0.812500
vt 1.000000 0.312500
vt 0.968750 0.312500
vt 1.000000 0.750000
vt 0.968750 0.750000
vt 1.000000 0.250000
vt 0.968750 0.250000
vt 1.000000 0.687500
vt 0.968750 0.687500
vt 1.000000 0.187500
vt 0.968750 0.187500
vt 1.000000 0.625000
vt 0.968750 0.625000
vt 1.000000 0.125000
vt 0.968750 0.125000
vt 1.000000 0.562500
vt 0.968750 0.562500
vt 0.937500 0.750000
vt 0.937500 0.687500
vt 0.937500 0.250000
vt 0.937500 0.187500
vt 0.937500 0.625000
vt 0.937500 0.125000
vt 0.937500 0.562500
vt 0.937500 0.062500
vt 0.937500 0.500000
vt 0.953125 1.000000
vt 0.937500 0.937500
vt 0.953125 0.000000
vt 0.937500 0.437500
vt 0.937500 0.875000
vt 0.937500 0.375000
vt 0.937500 0.812500
vt 0.937500 0.312500
vt 0.906250 0.500000
vt 0.906250 0.437500
vt 0.906250 0.937500
vt 0.906250 0.875000
vt 0.906250 0.375000
vt 0.906250 0.812500
vt 0.906250 0.312500
vt 0.906250 0.750000
vt 0.906250 0.250000
vt 0.906250 0.687500
vt 0.906250 0.187500
vt 0.906250 0.625000
vt 0.906250 0.125000
vt 0.906250 0.562500
vt 0.906250 0.062500
vt 0.921875 1.000000
vt 0.921875 0.000000
vt 0.875000 0.250000
vt 0.875000 0.187500
vt 0.875000 0.687500
vt 0.875000 0.625000
vt 0.875000 0.125000
vt 0.875000 0.562500
vt 0.875000 0.062500
vt 0.875000 0.500000
vt 0.890625 1.000000
vt 0.875000 0.937500
vt 0.890625 0.000000
vt 0.875000 0.437500
vt 0.875000 0.875000
vt 0.875000 0.375000
vt 0.875000 0.812500
vt 0.875000 0.312500
vt 0.875000 0.750000
vt 0.843750 0.937500
vt 0.843750 0.875000
vt 0.843750 0.437500
vt 0.843750 0.375000
vt 0.843750 0.812500
vt 0.843750 0.312500
vt 0.843750 0.750000
vt 0.843750 0.250000
vt 0.843750 0.687500
vt 0.843750 0.187500
vt 0.843750 0.625000
vt 0.843750 0.125000
vt 0.843750 0.562500
vt 0.843750 0.062500
vt 0.843750 0.500000
vt 0.859375 1.000000
vt 0.859375 0.000000
vt 0.812500 0.687500
vt 0.812500 0.625000
vt 0.812500 0.187500
vt 0.812500 0.125000
vt 0.812500 0.562500
vt 0.812500 0.062500
vt 0.812500 0.500000
vt 0.828125 1.000000
vt 0.812500 0.937500
vt 0.828125 0.000000
vt 0.812500 0.437500
vt 0.812500 0.875000
vt 0.812500 0.375000
vt 0.812500 0.812500
vt 0.812500 0.312500
vt 0.812500 0.750000
vt 0.812500 0.250000
vt 0.781250 0.437500
vt 0.781250 0.375000
vt 0.781250 0.875000
vt 0.781250 0.812500
vt 0.781250 0.312500
vt 0.781250 0.750000
vt 0.781250 0.250000
vt 0.781250 0.687500
vt 0.781250 0.187500
vt 0.781250 0.625000
vt 0.781250 0.125000
vt 0.781250 0.562500
vt 0.781250 0.062500
vt 0.781250 0.500000
vt 0.796875 1.000000
vt 0.781250 0.937500
vt 0.796875 0.000000
vt 0.765625 1.000000
vt 0.765625 0.000000
s 1
f 481/1/481 480/2/480 21/3/21 22/4/22
f 4/5/4 477/6/477 14/7/14 15/8/15
f 482/9/482 481/1/481 22/4/22 23/10/23
f 5/11/5 4/5/4 15/8/15 16/12/16
f 474/13/474 1/14/1 9/15/9
f 8/16/8 482/9/482 23/10/23
f 6/17/6 5/11/5 16/12/16 17/18/17
f 475/19/475 474/13/474 9/15/9 10/20/10
f 478/21/478 6/17/6 17/18/17 18/22/18
f 2/23/2 475/19/475 10/20/10 11/24/11
f 7/25/7 478/21/478 18/22/18 19/26/19
f 476/27/476 2/23/2 11/24/11 12/28/12
f 479/29/479 7/25/7 19/26/19 20/30/20
f 3/31/3 476/27/476 12/28/12 13/32/13
f 480/2/480 479/29/479 20/30/20 21/3/21
f 477/6/477 3/31/3 13/32/13 14/7/14
f 13/32/13 12/28/12 27/33/27 28/34/28
f 21/3/21 20/30/20 35/35/35 36/36/36
f 14/7/14 13/32/13 28/34/28 29/37/29
f 22/4/22 21/3/21 36/36/36 37/38/37
f 15/8/15 14/7/14 29/37/29 30/39/30
f 23/10/23 22/4/22 37/38/37 38/40/38
f 16/12/16 15/8/15 30/39/30 31/41/31
f 9/15/9 1/42/1 24/43/24
f 8/44/8 23/10/23 38/40/38
f 17/18/17 16/12/16 31/41/31 32/45/32
f 10/20/10 9/15/9 24/43/24 25/46/25
f 18/22/18 17/18/17 32/45/32 33/47/33
f 11/24/11 10/20/10 25/46/25 26/48/26
f 19/26/19 18/22/18 33/47/33 34/49/34
f 12/28/12 11/24/11 26/48/26 27/33/27
f 20/30/20 19/26/19 34/49/34 35/35/35
f 32/45/32 31/41/31 46/50/46 47/51/47
f 25/46/25 24/43/24 39/52/39 40/53/40
f 33/47/33 32/45/32 47/51/47 48/54/48
f 26/48/26 25/46/25 40/53/40 41/55/41
f 34/49/34 33/47/33 48/54/48 49/56/49
f 27/33/27 26/48/26 41/55/41 42/57/42
f 35/35/35 34/49/34 49/56/49 50/58/50
f 28/34/28 27/33/27 42/57/42 43/59/43
f 36/36/36 35/35/35 50/58/50 51/60/51
f 29/37/29 28/34/28 43/59/43 44/61/44
f 37/38/37 36/36/36 51/60/51 52/62/52
f 30/39/30 29/37/29 44/61/44 45/63/45
f 38/40/38 37/38/37 52/62/52 53/64/53
f 31/41/31 30/39/30 45/63/45 46/50/46
f 24/43/24 1/65/1 39/52/39
f 8/66/8 38/40/38 53/64/53
f 51/60/51 50/58/50 65/67/65 66/68/66
f 44/61/44 43/59/43 58/69/58 59/70/59
f 52/62/52 51/60/51 66/68/66 67/71/67
f 45/63/45 44/61/44 59/70/59 60/72/60
f 53/64/53 52/62/52 67/71/67 68/73/68
f 46/50/46 45/63/45 60/72/60 61/74/61
f 39/52/39 1/75/1 54/76/54
f 8/77/8 53/64/53 68/73/68
f 47/51/47 46/50/46 61/74/61 62/78/62
f 40/53/40 39/52/39 54/76/54 55/79/55
f 48/54/48 47/51/47 62/78/62 63/80/63
f 41/55/41 40/53/40 55/79/55 56/81/56
f 49/56/49 48/54/48 63/80/63 64/82/64
f 42/57/42 41/55/41 56/81/56 57/83/57
f 50/58/50 49/56/49 64/82/64 65/67/65
f 43/59/43 42/57/42 57/83/57 58/69/58
f 63/80/63 62/78/62 77/84/77 78/85/78
f 56/81/56 55/79/55 70/86/70 71/87/71
f 64/82/64 63/80/63 78/85/78 79/88/79
f 57/83/57 56/81/56 71/87/71 72/89/72
f 65/67/65 64/82/64 79/88/79 80/90/80
f 58/69/58 57/83/57 72/89/72 73/91/73
f 66/68/66 65/67/65 80/90/80 81/92/81
f 59/70/59 58/69/58 73/91/73 74/93/74
f 67/71/67 66/68/66 81/92/81 82/94/82
f 60/72/60 59/70/59 74/93/74 75/95/75
f 68/73/68 67/71/67 82/94/82 83/96/83
f 61/74/61 60/72/60 75/95/75 76/97/76
f 54/76/54 1/98/1 69/99/69
f 8/100/8 68/73/68 83/96/83
f 62/78/62 61/74/61 76/97/76 77/84/77
f 55/79/55 54/76/54 69/99/69 70/86/70
f 82/94/82 81/92/81 96/101/96 97/102/97
f 75/95/75 74/93/74 89/103/89 90/104/90
f 83/96/83 82/94/82 97/102/97 98/105/98
f 76/97/76 75/95/75 90/104/90 91/106/91
f 69/99/69 1/107/1 84/108/84
f 8/109/8 83/96/83 98/105/98
f 77/84/77 76/97/76 91/106/91 92/110/92
f 70/86/70 69/99/69 84/108/84 85/111/85
f 78/85/78 77/84/77 92/110/92 93/112/93
f 71/87/71 70/86/70 85/111/85 86/113/86
f 79/88/79 78/85/78 93/112/93 94/114/94
f 72/89/72 71/87/71 86/113/86 87/115/87
f 80/90/80 79/88/79 94/114/94 95/116/95
f 73/91/73 72/89/72 87/115/87 88/117/88
f 81/92/81 80/90/80 95/116/95 96/101/96
f 74/93/74 73/91/73 88/117/88 89/103/89
f 86/113/86 85/111/85 100/118/100 101/119/101
f 94/114/94 93/112/93 108/120/108 109/121/109
f 87/115/87 86/113/86 101/119/101 102/122/102
f 95/116/95 94/114/94 109/121/109 110/123/110
f 88/117/88 87/115/87 102/122/102 103/124/103
f 96/101/96 95/116/95 110/123/110 111/125/111
f 89/103/89 88/117/88 103/124/103 104/126/104
f 97/102/97 96/101/96 111/125/111 112/127/112
f 90/104/90 89/103/89 104/126/104 105/128/105
f 98/105/98 97/102/97 112/127/112 113/129/113
f 91/106/91 90/104/90 105/128/105 106/130/106
f 84/108/84 1/131/1 99/132/99
f 8/133/8 98/105/98 113/129/113
f 92/110/92 91/106/91 106/130/106 107/134/107
f 85/111/85 84/108/84 99/132/99 100/118/100
f 93/112/93 92/110/92 107/134/107 108/120/108
f 105/128/105 104/126/104 119/135/119 120/136/120
f 113/129/113 112/127/112 127/137/127 128/138/128
f 106/130/106 105/128/105 120/136/120 121/139/121
f 99/132/99 1/140/1 114/141/114
f 8/142/8 113/129/113 128/138/128
f 107/134/107 106/130/106 121/139/121 122/143/122
f 100/118/100 99/132/99 114/141/114 115/144/115
f 108/120/108 107/134/107 122/143/122 123/145/123
f 101/119/101 100/118/100 115/144/115 116/146/116
f 109/121/109 108/120/108 123/145/123 124/147/124
f 102/122/102 101/119/101 116/146/116 117/148/117
f 110/123/110 109/121/109 124/147/124 125/149/125
f 103/124/103 102/122/102 117/148/117 118/150/118
f 111/125/111 110/123/110 125/149/125 126/151/126
f 104/126/104 103/124/103 118/150/118 119/135/119
f 112/127/112 111/125/111 126/151/126 127/137/127
f 124/147/124 123/145/123 138/152/138 139/153/139
f 117/148/117 116/146/116 131/154/131 132/155/132
f 125/149/125 124/147/124 139/153/139 140/156/140
f 118/150/118 117/148/117 132/155/132 133/157/133
f 126/151/126 125/149/125 140/156/140 141/158/141
f 119/135/119 118/150/118 133/157/133 134/159/134
f 127/137/127 126/151/126 141/158/141 142/160/142
f 120/136/120 119/135/119 134/159/134 135/161/135
f 128/138/128 127/137/127 142/160/142 143/162/143
f 121/139/121 120/136/120 135/161/135 136/163/136
f 114/141/114 1/164/1 129/165/129
f 8/166/8 128/138/128 143/162/143
f 122/143/122 121/139/121 136/163/136 137/167/137
f 115/144/115 114/141/114 129/165/129 130/168/130
f 123/145/123 122/143/122 137/167/137 138/152/138
f 116/146/116 115/144/115 130/168/130 131/154/131
f 143/162/143 142/160/142 157/169/157 158/170/158
f 136/163/136 135/161/135 150/171/150 151/172/151
f 129/165/129 1/173/1 144/174/144
f 8/175/8 143/162/143 158/170/158
f 137/167/137 136/163/136 151/172/151 152/176/152
f 130/168/130 129/165/129 144/174/144 145/177/145
f 138/152/138 137/167/137 152/176/152 153/178/153
f 131/154/131 130/168/130 145/177/145 146/179/146
f 139/153/139 138/152/138 153/178/153 154/180/154
f 132/155/132 131/154/131 146/179/146 147/181/147
f 140/156/140 139/153/139 154/180/154 155/182/155
f 133/157/133 132/155/132 147/181/147 148/183/148
f 141/158/141 140/156/140 155/182/155 156/184/156
f 134/159/134 133/157/133 148/183/148 149/185/149
f 142/160/142 141/158/141 156/184/156 157/169/157
f 135/161/135 134/159/134 149/185/149 150/171/150
f 147/181/147 146/179/146 161/186/161 162/187/162
f 155/182/155 154/180/154 169/188/169 170/189/170
f 148/183/148 147/181/147 162/187/162 163/190/163
f 156/184/156 155/182/155 170/189/170 171/191/171
f 149/185/149 148/183/148 163/190/163 164/192/164
f 157/169/157 156/184/156 171/191/171 172/193/172
f 150/171/150 149/185/149 164/192/164 165/194/165
f 158/170/158 157/169/157 172/193/172 173/195/173
f 151/172/151 150/171/150 165/194/165 166/196/166
f 144/174/144 1/197/1 159/198/159
f 8/199/8 158/170/158 173/195/173
f 152/176/152 151/172/151 166/196/166 167/200/167
f 145/177/145 144/174/144 159/198/159 160/201/160
f 153/178/153 152/176/152 167/200/167 168/202/168
f 146/179/146 145/177/145 160/201/160 161/186/161
f 154/180/154 153/178/153 168/202/168 169/188/169
f 166/196/166 165/194/165 180/203/180 181/204/181
f 159/198/159 1/205/1 174/206/174
f 8/207/8 173/195/173 188/208/188
f 167/200/167 166/196/166 181/204/181 182/209/182
f 160/201/160 159/198/159 174/206/174 175/210/175
f 168/202/168 167/200/167 182/209/182 183/211/183
f 161/186/161 160/201/160 175/210/175 176/212/176
f 169/188/169 168/202/168 183/211/183 184/213/184
f 162/187/162 161/186/161 176/212/176 177/214/177
f 170/189/170 169/188/169 184/213/184 185/215/185
f 163/190/163 162/187/162 177/214/177 178/216/178
f 171/191/171 170/189/170 185/215/185 186/217/186
f 164/192/164 163/190/163 178/216/178 179/218/179
f 172/193/172 171/191/171 186/217/186 187/219/187
f 165/194/165 164/192/164 179/218/179 180/203/180
f 173/195/173 172/193/172 187/219/187 188/208/188
f 185/215/185 184/213/184 199/220/199 200/221/200
f 178/216/178 177/214/177 192/222/192 193/223/193
f 186/217/186 185/215/185 200/221/200 201/224/201
f 179/218/179 178/216/178 193/223/193 194/225/194
f 187/219/187 186/217/186 201/224/201 202/226/202
f 180/203/180 179/218/179 194/225/194 195/227/195
f 188/208/188 187/219/187 202/226/202 203/228/203
f 181/204/181 180/203/180 195/227/195 196/229/196
f 174/206/174 1/230/1 189/231/189
f 8/232/8 188/208/188 203/228/203
f 182/209/182 181/204/181 196/229/196 197/233/197
f 175/210/175 174/206/174 189/231/189 190/234/190
f 183/211/183 182/209/182 197/233/197 198/235/198
f 176/212/176 175/210/175 190/234/190 191/236/191
f 184/213/184 183/211/183 198/235/198 199/220/199
f 177/214/177 176/212/176 191/236/191 192/222/192
f 8/237/8 203/228/203 218/238/218
f 197/233/197 196/229/196 211/239/211 212/240/212
f 190/234/190 189/231/189 204/241/204 205/242/205
f 198/235/198 197/233/197 212/240/212 213/243/213
f 191/236/191 190/234/190 205/242/205 206/244/206
f 199/220/199 198/235/198 213/243/213 214/245/214
f 192/222/192 191/236/191 206/244/206 207/246/207
f 200/221/200 199/220/199 214/245/214 215/247/215
f 193/223/193 192/222/192 207/246/207 208/248/208
f 201/224/201 200/221/200 215/247/215 216/249/216
f 194/225/194 193/223/193 208/248/208 209/250/209
f 202/226/202 201/224/201 216/249/216 217/251/217
f 195/227/195 194/225/194 209/250/209 210/252/210
f 203/228/203 202/226/202 217/251/217 218/238/218
f 196/229/196 195/227/195 210/252/210 211/239/211
f 189/231/189 1/253/1 204/241/204
f 216/249/216 215/247/215 230/254/230 231/255/231
f 209/250/209 208/248/208 223/256/223 224/257/224
f 217/251/217 216/249/216 231/255/231 232/258/232
f 210/252/210 209/250/209 224/257/224 225/259/225
f 218/238/218 217/251/217 232/258/232 233/260/233
f 211/239/211 210/252/210 225/259/225 226/261/226
f 204/241/204 1/262/1 219/263/219
f 8/264/8 218/238/218 233/260/233
f 212/240/212 211/239/211 226/261/226 227/265/227
f 205/242/205 204/241/204 219/263/219 220/266/220
f 213/243/213 212/240/212 227/265/227 228/267/228
f 206/244/206 205/242/205 220/266/220 221/268/221
f 214/245/214 213/243/213 228/267/228 229/269/229
f 207/246/207 206/244/206 221/268/221 222/270/222
f 215/247/215 214/245/214 229/269/229 230/254/230
f 208/248/208 207/246/207 222/270/222 223/256/223
f 220/266/220 219/263/219 234/271/234 235/272/235
f 228/267/228 227/265/227 242/273/242 243/274/243
f 221/268/221 220/266/220 235/272/235 236/275/236
f 229/269/229 228/267/228 243/274/243 244/276/244
f 222/270/222 221/268/221 236/275/236 237/277/237
f 230/254/230 229/269/229 244/276/244 245/278/245
f 223/256/223 222/270/222 237/277/237 238/279/238
f 231/255/231 230/254/230 245/278/245 246/280/246
f 224/257/224 223/256/223 238/279/238 239/281/239
f 232/258/232 231/255/231 246/280/246 247/282/247
f 225/259/225 224/257/224 239/281/239 240/283/240
f 233/260/233 232/258/232 247/282/247 248/284/248
f 226/261/226 225/259/225 240/283/240 241/285/241
f 219/263/219 1/286/1 234/271/234
f 8/287/8 233/260/233 248/284/248
f 227/265/227 226/261/226 241/285/241 242/273/242
f 239/281/239 238/279/238 253/288/253 254/289/254
f 247/282/247 246/280/246 261/290/261 262/291/262
f 240/283/240 239/281/239 254/289/254 255/292/255
f 248/284/248 247/282/247 262/291/262 263/293/263
f 241/285/241 240/283/240 255/292/255 256/294/256
f 234/271/234 1/295/1 249/296/249
f 8/297/8 248/284/248 263/293/263
f 242/273/242 241/285/241 256/294/256 257/298/257
f 235/272/235 234/271/234 249/296/249 250/299/250
f 243/274/243 242/273/242 257/298/257 258/300/258
f 236/275/236 235/272/235 250/299/250 251/301/251
f 244/276/244 243/274/243 258/300/258 259/302/259
f 237/277/237 236/275/236 251/301/251 252/303/252
f 245/278/245 244/276/244 259/302/259 260/304/260
f 238/279/238 237/277/237 252/303/252 253/288/253
f 246/280/246 245/278/245 260/304/260 261/290/261
f 258/300/258 257/298/257 272/305/272 273/306/273
f 251/301/251 250/299/250 265/307/265 266/308/266
f 259/302/259 258/300/258 273/306/273 274/309/274
f 252/303/252 251/301/251 266/308/266 267/310/267
f 260/304/260 259/302/259 274/309/274 275/311/275
f 253/288/253 252/303/252 267/310/267 268/312/268
f 261/290/261 260/304/260 275/311/275 276/313/276
f 254/289/254 253/288/253 268/312/268 269/314/269
f 262/291/262 261/290/261 276/313/276 277/315/277
f 255/292/255 254/289/254 269/314/269 270/316/270
f 263/293/263 262/291/262 277/315/277 278/317/278
f 256/294/256 255/292/255 270/316/270 271/318/271
f 249/296/249 1/319/1 264/320/264
f 8/321/8 263/293/263 278/317/278
f 257/298/257 256/294/256 271/318/271 272/305/272
f 250/299/250 249/296/249 264/320/264 265/307/265
f 277/315/277 276/313/276 291/322/291 292/323/292
f 270/316/270 269/314/269 284/324/284 285/325/285
f 278/317/278 277/315/277 292/323/292 293/326/293
f 271/318/271 270/316/270 285/325/285 286/327/286
f 264/320/264 1/328/1 279/329/279
f 8/330/8 278/317/278 293/326/293
f 272/305/272 271/318/271 286/327/286 287/331/287
f 265/307/265 264/320/264 279/329/279 280/332/280
f 273/306/273 272/305/272 287/331/287 288/333/288
f 266/308/266 265/307/265 280/332/280 281/334/281
f 274/309/274 273/306/273 288/333/288 289/335/289
f 267/310/267 266/308/266 281/334/281 282/336/282
f 275/311/275 274/309/274 289/335/289 290/337/290
f 268/312/268 267/310/267 282/336/282 283/338/283
f 276/313/276 275/311/275 290/337/290 291/322/291
f 269/314/269 268/312/268 283/338/283 284/324/284
f 281/334/281 280/332/280 295/339/295 296/340/296
f 289/335/289 288/333/288 303/341/303 304/342/304
f 282/336/282 281/334/281 296/340/296 297/343/297
f 290/337/290 289/335/289 304/342/304 305/344/305
f 283/338/283 282/336/282 297/343/297 298/345/298
f 291/322/291 290/337/290 305/344/305 306/346/306
f 284/324/284 283/338/283 298/345/298 299/347/299
f 292/323/292 291/322/291 306/346/306 307/348/307
f 285/325/285 284/324/284 299/347/299 300/349/300
f 293/326/293 292/323/292 307/348/307 308/350/308
f 286/327/286 285/325/285 300/349/300 301/351/301
f 279/329/279 1/352/1 294/353/294
f 8/354/8 293/326/293 308/350/308
f 287/331/287 286/327/286 301/351/301 302/355/302
f 280/332/280 279/329/279 294/353/294 295/339/295
f 288/333/288 287/331/287 302/355/302 303/341/303
f 300/349/300 299/347/299 314/356/314 315/357/315
f 308/350/308 307/348/307 322/358/322 323/359/323
f 301/351/301 300/349/300 315/357/315 316/360/316
f 294/353/294 1/361/1 309/362/309
f 8/363/8 308/350/308 323/359/323
f 302/355/302 301/351/301 316/360/316 317/364/317
f 295/339/295 294/353/294 309/362/309 310/365/310
f 303/341/303 302/355/302 317/364/317 318/366/318
f 296/340/296 295/339/295 310/365/310 311/367/311
f 304/342/304 303/341/303 318/366/318 319/368/319
f 297/343/297 296/340/296 311/367/311 312/369/312
f 305/344/305 304/342/304 319/368/319 320/370/320
f 298/345/298 297/343/297 312/369/312 313/371/313
f 306/346/306 305/344/305 320/370/320 321/372/321
f 299/347/299 298/345/298 313/371/313 314/356/314
f 307/348/307 306/346/306 321/372/321 322/358/322
f 319/368/319 318/366/318 333/373/333 334/374/334
f 312/369/312 311/367/311 326/375/326 327/376/327
f 320/370/320 319/368/319 334/374/334 335/377/335
f 313/371/313 312/369/312 327/376/327 328/378/328
f 321/372/321 320/370/320 335/377/335 336/379/336
f 314/356/314 313/371/313 328/378/328 329/380/329
f 322/358/322 321/372/321 336/379/336 337/381/337
f 315/357/315 314/356/314 329/380/329 330/382/330
f 323/359/323 322/358/322 337/381/337 338/383/338
f 316/360/316 315/357/315 330/382/330 331/384/331
f 309/362/309 1/385/1 324/386/324
f 8/387/8 323/359/323 338/383/338
f 317/364/317 316/360/316 331/384/331 332/388/332
f 310/365/310 309/362/309 324/386/324 325/389/325
f 318/366/318 317/364/317 332/388/332 333/373/333
f 311/367/311 310/365/310 325/389/325 326/375/326
f 338/383/338 337/381/337 352/390/352 353/391/353
f 331/384/331 330/382/330 345/392/345 346/393/346
f 324/386/324 1/394/1 339/395/339
f 8/396/8 338/383/338 353/391/353
f 332/388/332 331/384/331 346/393/346 347/397/347
f 325/389/325 324/386/324 339/395/339 340/398/340
f 333/373/333 332/388/332 347/397/347 348/399/348
f 326/375/326 325/389/325 340/398/340 341/400/341
f 334/374/334 333/373/333 348/399/348 349/401/349
f 327/376/327 326/375/326 341/400/341 342/402/342
f 335/377/335 334/374/334 349/401/349 350/403/350
f 328/378/328 327/376/327 342/402/342 343/404/343
f 336/379/336 335/377/335 350/403/350 351/405/351
f 329/380/329 328/378/328 343/404/343 344/406/344
f 337/381/337 336/379/336 351/405/351 352/390/352
f 330/382/330 329/380/329 344/406/344 345/392/345
f 350/403/350 349/401/349 364/407/364 365/408/365
f 343/404/343 342/402/342 357/409/357 358/410/358
f 351/405/351 350/403/350 365/408/365 366/411/366
f 344/406/344 343/404/343 358/410/358 359/412/359
f 352/390/352 351/405/351 366/411/366 367/413/367
f 345/392/345 344/406/344 359/412/359 360/414/360
f 353/391/353 352/390/352 367/413/367 368/415/368
f 346/393/346 345/392/345 360/414/360 361/416/361
f 339/395/339 1/417/1 354/418/354
f 8/419/8 353/391/353 368/415/368
f 347/397/347 346/393/346 361/416/361 362/420/362
f 340/398/340 339/395/339 354/418/354 355/421/355
f 348/399/348 347/397/347 362/420/362 363/422/363
f 341/400/341 340/398/340 355/421/355 356/423/356
f 349/401/349 348/399/348 363/422/363 364/407/364
f 342/402/342 341/400/341 356/423/356 357/409/357
f 354/424/354 1/425/1 369/426/369
f 8/427/8 368/428/368 383/429/383
f 362/430/362 361/431/361 376/432/376 377/433/377
f 355/434/355 354/424/354 369/426/369 370/435/370
f 363/436/363 362/430/362 377/433/377 378/437/378
f 356/438/356 355/434/355 370/435/370 371/439/371
f 364/440/364 363/436/363 378/437/378 379/441/379
f 357/442/357 356/438/356 371/439/371 372/443/372
f 365/444/365 364/440/364 379/441/379 380/445/380
f 358/446/358 357/442/357 372/443/372 373/447/373
f 366/448/366 365/444/365 380/445/380 381/449/381
f 359/450/359 358/446/358 373/447/373 374/451/374
f 367/452/367 366/448/366 381/449/381 382/453/382
f 360/454/360 359/450/359 374/451/374 375/455/375
f 368/428/368 367/452/367 382/453/382 383/429/383
f 361/431/361 360/454/360 375/455/375 376/432/376
f 373/447/373 372/443/372 387/456/387 388/457/388
f 381/449/381 380/445/380 395/458/395 396/459/396
f 374/451/374 373/447/373 388/457/388 389/460/389
f 382/453/382 381/449/381 396/459/396 397/461/397
f 375/455/375 374/451/374 389/460/389 390/462/390
f 383/429/383 382/453/382 397/461/397 398/463/398
f 376/432/376 375/455/375 390/462/390 391/464/391
f 369/426/369 1/465/1 384/466/384
f 8/467/8 383/429/383 398/463/398
f 377/433/377 376/432/376 391/464/391 392/468/392
f 370/435/370 369/426/369 384/466/384 385/469/385
f 378/437/378 377/433/377 392/468/392 393/470/393
f 371/439/371 370/435/370 385/469/385 386/471/386
f 379/441/379 378/437/378 393/470/393 394/472/394
f 372/443/372 371/439/371 386/471/386 387/456/387
f 380/445/380 379/441/379 394/472/394 395/458/395
f 392/468/392 391/464/391 406/473/406 407/474/407
f 385/469/385 384/466/384 399/475/399 400/476/400
f 393/470/393 392/468/392 407/474/407 408/477/408
f 386/471/386 385/469/385 400/476/400 401/478/401
f 394/472/394 393/470/393 408/477/408 409/479/409
f 387/456/387 386/471/386 401/478/401 402/480/402
f 395/458/395 394/472/394 409/479/409 410/481/410
f 388/457/388 387/456/387 402/480/402 403/482/403
f 396/459/396 395/458/395 410/481/410 411/483/411
f 389/460/389 388/457/388 403/482/403 404/484/404
f 397/461/397 396/459/396 411/483/411 412/485/412
f 390/462/390 389/460/389 404/484/404 405/486/405
f 398/463/398 397/461/397 412/485/412 413/487/413
f 391/464/391 390/462/390 405/486/405 406/473/406
f 384/466/384 1/488/1 399/475/399
f 8/489/8 398/463/398 413/487/413
f 411/483/411 410/481/410 425/490/425 426/491/426
f 404/484/404 403/482/403 418/492/418 419/493/419
f 412/485/412 411/483/411 426/491/426 427/494/427
f 405/486/405 404/484/404 419/493/419 420/495/420
f 413/487/413 412/485/412 427/494/427 428/496/428
f 406/473/406 405/486/405 420/495/420 421/497/421
f 399/475/399 1/498/1 414/499/414
f 8/500/8 413/487/413 428/496/428
f 407/474/407 406/473/406 421/497/421 422/501/422
f 400/476/400 399/475/399 414/499/414 415/502/415
f 408/477/408 407/474/407 422/501/422 423/503/423
f 401/478/401 400/476/400 415/502/415 416/504/416
f 409/479/409 408/477/408 423/503/423 424/505/424
f 402/480/402 401/478/401 416/504/416 417/506/417
f 410/481/410 409/479/409 424/505/424 425/490/425
f 403/482/403 402/480/402 417/506/417 418/492/418
f 415/502/415 414/499/414 429/507/429 430/508/430
f 423/503/423 422/501/422 437/509/437 438/510/438
f 416/504/416 415/502/415 430/508/430 431/511/431
f 424/505/424 423/503/423 438/510/438 439/512/439
f 417/506/417 416/504/416 431/511/431 432/513/432
f 425/490/425 424/505/424 439/512/439 440/514/440
f 418/492/418 417/506/417 432/513/432 433/515/433
f 426/491/426 425/490/425 440/514/440 441/516/441
f 419/493/419 418/492/418 433/515/433 434/517/434
f 427/494/427 426/491/426 441/516/441 442/518/442
f 420/495/420 419/493/419 434/517/434 435/519/435
f 428/496/428 427/494/427 442/518/442 443/520/443
f 421/497/421 420/495/420 435/519/435 436/521/436
f 414/499/414 1/522/1 429/507/429
f 8/523/8 428/496/428 443/520/443
f 422/501/422 421/497/421 436/521/436 437/509/437
f 434/517/434 433/515/433 448/524/448 449/525/449
f 442/518/442 441/516/441 456/526/456 457/527/457
f 435/519/435 434/517/434 449/525/449 450/528/450
f 443/520/443 442/518/442 457/527/457 458/529/458
f 436/521/436 435/519/435 450/528/450 451/530/451
f 429/507/429 1/531/1 444/532/444
f 8/533/8 443/520/443 458/529/458
f 437/509/437 436/521/436 451/530/451 452/534/452
f 430/508/430 429/507/429 444/532/444 445/535/445
f 438/510/438 437/509/437 452/534/452 453/536/453
f 431/511/431 430/508/430 445/535/445 446/537/446
f 439/512/439 438/510/438 453/536/453 454/538/454
f 432/513/432 431/511/431 446/537/446 447/539/447
f 440/514/440 439/512/439 454/538/454 455/540/455
f 433/515/433 432/513/432 447/539/447 448/524/448
f 441/516/441 440/514/440 455/540/455 456/526/456
f 453/536/453 452/534/452 467/541/467 468/542/468
f 446/537/446 445/535/445 460/543/460 461/544/461
f 454/538/454 453/536/453 468/542/468 469/545/469
f 447/539/447 446/537/446 461/544/461 462/546/462
f 455/540/455 454/538/454 469/545/469 470/547/470
f 448/524/448 447/539/447 462/546/462 463/548/463
f 456/526/456 455/540/455 470/547/470 471/549/471
f 449/525/449 448/524/448 463/548/463 464/550/464
f 457/527/457 456/526/456 471/549/471 472/551/472
f 450/528/450 449/525/449 464/550/464 465/552/465
f 458/529/458 457/527/457 472/551/472 473/553/473
f 451/530/451 450/528/450 465/552/465 466/554/466
f 444/532/444 1/555/1 459/556/459
f 8/557/8 458/529/458 473/553/473
f 452/534/452 451/530/451 466/554/466 467/541/467
f 445/535/445 444/532/444 459/556/459 460/543/460
f 472/551/472 471/549/471 480/2/480 481/1/481
f 465/552/465 464/550/464 477/6/477 4/5/4
f 473/553/473 472/551/472 481/1/481 482/9/482
f 466/554/466 465/552/465 4/5/4 5/11/5
f 459/556/459 1/558/1 474/13/474
f 8/559/8 473/553/473 482/9/482
f 467/541/467 466/554/466 5/11/5 6/17/6
f 460/543/460 459/556/459 474/13/474 475/19/475
f 468/542/468 467/541/467 6/17/6 478/21/478
f 461/544/461 460/543/460 475/19/475 2/23/2
f 469/545/469 468/542/468 478/21/478 7/25/7
f 462/546/462 461/544/461 2/23/2 476/27/476
f 470/547/470 469/545/469 7/25/7 479/29/479
f 463/548/463 462/546/462 476/27/476 3/31/3
f 471/549/471 470/547/470 479/29/479 480/2/480
f 464/550/464 463/548/463 3/31/3 477/6/477
o Sphere.001
v 0.000000 1.081945 0.000000
v 0.000000 0.899604 -0.601096
v 0.000000 0.601096 -0.899604
v 0.000000 0.211077 -1.061156
v 0.000000 0.000000 -1.081945
v 0.000000 -0.211077 -1.061156
v 0.000000 -0.601096 -0.899604
v 0.000000 -1.081945 0.000000
v 0.041179 1.061156 -0.207021
v 0.080776 0.999587 -0.406087
v 0.117268 0.899604 -0.589547
v 0.149254 0.765051 -0.750350
v 0.175504 0.601096 -0.882319
v 0.195010 0.414042 -0.980380
v 0.207021 0.211077 -1.040766
v 0.211077 0.000000 -1.061156
v 0.207021 -0.211077 -1.040766
v 0.195010 -0.414042 -0.980380
v 0.175504 -0.601096 -0.882319
v 0.149254 -0.765051 -0.750350
v 0.117268 -0.899604 -0.589547
v 0.080776 -0.999587 -0.406087
v 0.041179 -1.061156 -0.207021
v 0.080776 1.061156 -0.195010
v 0.158447 0.999587 -0.382525
v 0.230030 0.899604 -0.555341
v 0.292772 0.765051 -0.706815
v 0.344264 0.601096 -0.831126
v 0.382525 0.414042 -0.923498
v 0.406087 0.211077 -0.980380
v 0.414042 0.000000 -0.999587
v 0.406087 -0.211077 -0.980380
v 0.382525 -0.414042 -0.923498
v 0.344264 -0.601096 -0.831126
v 0.292772 -0.765051 -0.706815
v 0.230030 -0.899604 -0.555341
v 0.158447 -0.999587 -0.382525
v 0.080776 -1.061156 -0.195010
v 0.117268 1.061156 -0.175504
v 0.230030 0.999587 -0.344264
v 0.333951 0.899604 -0.499793
v 0.425039 0.765051 -0.636116
v 0.499793 0.601096 -0.747994
v 0.555341 0.414042 -0.831126
v 0.589547 0.211077 -0.882319
v 0.601096 0.000000 -0.899604
v 0.589547 -0.211077 -0.882319
v 0.555341 -0.414042 -0.831126
v 0.499793 -0.601096 -0.747994
v 0.425039 -0.765051 -0.636116
v 0.333951 -0.899604 -0.499793
v 0.230030 -0.999587 -0.344264
v 0.117268 -1.061156 -0.175504
v 0.149254 1.061156 -0.149254
v 0.292772 0.999587 -0.292772
v 0.425039 0.899604 -0.425039
v 0.540972 0.765051 -0.540972
v 0.636116 0.601096 -0.636116
v 0.706814 0.414042 -0.706815
v 0.750350 0.211077 -0.750350
v 0.765051 0.000000 -0.765050
v 0.750350 -0.211077 -0.750350
v 0.706814 -0.414042 -0.706815
v 0.636116 -0.601096 -0.636116
v 0.540972 -0.765051 -0.540972
v 0.425039 -0.899604 -0.425039
v 0.292772 -0.999587 -0.292772
v 0.149254 -1.061156 -0.149254
v 0.175504 1.061156 -0.117268
v 0.344264 0.999587 -0.230030
v 0.499793 0.899604 -0.333951
v 0.636116 0.765051 -0.425039
v 0.747994 0.601096 -0.499793
v 0.831126 0.414042 -0.555341
v 0.882319 0.211077 -0.589546
v 0.899604 0.000000 -0.601096
v 0.882319 -0.211077 -0.589546
v 0.831126 -0.414042 -0.555341
v 0.747994 -0.601096 -0.499793
v 0.636116 -0.765051 -0.425039
v 0.499793 -0.899604 -0.333951
v 0.344264 -0.999587 -0.230030
v 0.175504 -1.061156 -0.117268
v 0.195010 1.061156 -0.080776
v 0.382525 0.999587 -0.158447
v 0.555341 0.899604 -0.230030
v 0.706815 0.765051 -0.292772
v 0.831126 0.601096 -0.344264
v 0.923498 0.414042 -0.382525
v 0.980380 0.211077 -0.406087
v 0.999587 0.000000 -0.414042
v 0.980380 -0.211077 -0.406087
v 0.923498 -0.414042 -0.382525
v 0.831126 -0.601096 -0.344264
v 0.706815 -0.765051 -0.292772
v 0.555341 -0.899604 -0.230030
v 0.382525 -0.999587 -0.158447
v 0.195010 -1.061156 -0.080776
v 0.207021 1.061156 -0.041179
v 0.406087 0.999587 -0.080776
v 0.589546 0.899604 -0.117268
v 0.750350 0.765051 -0.149254
v 0.882318 0.601096 -0.175504
v 0.980380 0.414042 -0.195010
v 1.040766 0.211077 -0.207021
v 1.061155 0.000000 -0.211077
v 1.040766 -0.211077 -0.207021
v 0.980380 -0.414042 -0.195010
v 0.882318 -0.601096 -0.175504
v 0.750350 -0.765051 -0.149254
v 0.589546 -0.899604 -0.117268
v 0.406087 -0.999587 -0.080776
v 0.207021 -1.061156 -0.041179
v 0.211077 1.061156 0.000000
v 0.414042 0.999587 0.000000
v 0.601096 0.899604 0.000000
v 0.765051 0.765051 -0.000000
v 0.899604 0.601096 0.000000
v 0.999587 0.414042 -0.000000
v 1.061156 0.211077 0.000000
v 1.081945 0.000000 0.000000
v 1.061156 -0.211077 0.000000
v 0.999587 -0.414042 -0.000000
v 0.899604 -0.601096 0.000000
v 0.765051 -0.765051 -0.000000
v 0.601096 -0.899604 0.000000
v 0.414042 -0.999587 0.000000
v 0.211077 -1.061156 0.000000
v 0.207021 1.061156 0.041179
v 0.406087 0.999587 0.080776
v 0.589546 0.899604 0.117268
v 0.750350 0.765051 0.149254
v 0.882318 0.601096 0.175504
v 0.980380 0.414042 0.195010
v 1.040766 0.211077 0.207021
v 1.061155 0.000000 0.211077
v 1.040766 -0.211077 0.207021
v 0.980380 -0.414042 0.195010
v 0.882318 -0.601096 0.175504
v 0.750350 -0.765051 0.149254
v 0.589546 -0.899604 0.117268
v 0.406087 -0.999587 0.080776
v 0.207021 -1.061156 0.041179
v 0.195010 1.061156 0.080776
v 0.382525 0.999587 0.158447
v 0.555340 0.899604 0.230030
v 0.706814 0.765051 0.292772
v 0.831126 0.601096 0.344264
v 0.923498 0.414042 0.382525
v 0.980380 0.211077 0.406087
v 0.999586 0.000000 0.414042
v 0.980380 -0.211077 0.406087
v 0.923498 -0.414042 0.382525
v 0.831126 -0.601096 0.344264
v 0.706814 -0.765051 0.292772
v 0.555340 -0.899604 0.230030
v 0.382525 -0.999587 0.158447
v 0.195010 -1.061156 0.080776
v 0.175504 1.061156 0.117268
v 0.344264 0.999587 0.230030
v 0.499793 0.899604 0.333951
v 0.636116 0.765051 0.425039
v 0.747993 0.601096 0.499793
v 0.831126 0.414042 0.555341
v 0.882318 0.211077 0.589546
v 0.899604 0.000000 0.601096
v 0.882318 -0.211077 0.589546
v 0.831126 -0.414042 0.555341
v 0.747993 -0.601096 0.499793
v 0.636116 -0.765051 0.425039
v 0.499793 -0.899604 0.333951
v 0.344264 -0.999587 0.230030
v 0.175504 -1.061156 0.117268
v 0.149254 1.061156 0.149254
v 0.292772 0.999587 0.292772
v 0.425039 0.899604 0.425039
v 0.540972 0.765051 0.540972
v 0.636116 0.601096 0.636116
v 0.706814 0.414042 0.706814
v 0.750350 0.211077 0.750350
v 0.765050 0.000000 0.765050
v 0.750350 -0.211077 0.750350
v 0.706814 -0.414042 0.706814
v 0.636116 -0.601096 0.636116
v 0.540972 -0.765051 0.540972
v 0.425039 -0.899604 0.425039
v 0.292772 -0.999587 0.292772
v 0.149254 -1.061156 0.149254
v 0.117268 1.061156 0.175504
v 0.230030 0.999587 0.344264
v 0.333951 0.899604 0.499793
v 0.425039 0.765051 0.636116
v 0.499793 0.601096 0.747993
v 0.555341 0.414042 0.831126
v 0.589546 0.211077 0.882318
v 0.601096 0.000000 0.899604
v 0.589546 -0.211077 0.882318
v 0.555341 -0.414042 0.831126
v 0.499793 -0.601096 0.747993
v 0.425039 -0.765051 0.636116
v 0.333951 -0.899604 0.499793
v 0.230030 -0.999587 0.344264
v 0.117268 -1.061156 0.175504
v 0.080776 1.061156 0.195010
v 0.158447 0.999587 0.382525
v 0.230029 0.899604 0.555340
v 0.292772 0.765051 0.706814
v 0.344263 0.601096 0.831126
v 0.382525 0.414042 0.923498
v 0.406086 0.211077 0.980380
v 0.414042 0.000000 0.999586
v 0.406086 -0.211077 0.980380
v 0.382525 -0.414042 0.923498
v 0.344263 -0.601096 0.831126
v 0.292772 -0.765051 0.706814
v 0.230029 -0.899604 0.555340
v 0.158447 -0.999587 0.382525
v 0.080776 -1.061156 0.195010
v 0.041179 1.061156 0.207021
v 0.080776 0.999587 0.406087
v 0.117268 0.899604 0.589546
v 0.149254 0.765051 0.750350
v 0.175504 0.601096 0.882318
v 0.195010 0.414042 0.980380
v 0.207021 0.211077 1.040766
v 0.211077 0.000000 1.061155
v 0.207021 -0.211077 1.040766
v 0.195010 -0.414042 0.980380
v 0.175504 -0.601096 0.882318
v 0.149254 -0.765051 0.750350
v 0.117268 -0.899604 0.589546
v 0.080776 -0.999587 0.406087
v 0.041179 -1.061156 0.207021
v -0.000000 1.061156 0.211077
v -0.000000 0.999587 0.414042
v -0.000000 0.899604 0.601096
v -0.000000 0.765051 0.765050
v -0.000000 0.601096 0.899604
v 0.000000 0.414042 0.999587
v -0.000000 0.211077 1.061155
v -0.000000 0.000000 1.081944
v -0.000000 -0.211077 1.061155
v 0.000000 -0.414042 0.999587
v -0.000000 -0.601096 0.899604
v -0.000000 -0.765051 0.765050
v -0.000000 -0.899604 0.601096
v -0.000000 -0.999587 0.414042
v -0.000000 -1.061156 0.211077
v -0.041179 1.061156 0.207021
v -0.080776 0.999587 0.406087
v -0.117268 0.899604 0.589546
v -0.149254 0.765051 0.750350
v -0.175504 0.601096 0.882318
v -0.195010 0.414042 0.980380
v -0.207021 0.211077 1.040765
v -0.211077 0.000000 1.061155
v -0.207021 -0.211077 1.040765
v -0.195010 -0.414042 0.980380
v -0.175504 -0.601096 0.882318
v -0.149254 -0.765051 0.750350
v -0.117268 -0.899604 0.589546
v -0.080776 -0.999587 0.406087
v -0.041179 -1.061156 0.207021
v -0.080776 1.061156 0.195010
v -0.158447 0.999587 0.382525
v -0.230030 0.899604 0.555340
v -0.292772 0.765051 0.706814
v -0.344264 0.601096 0.831126
v -0.382525 0.414042 0.923497
v -0.406087 0.211077 0.980380
v -0.414042 0.000000 0.999586
v -0.406087 -0.211077 0.980380
v -0.382525 -0.414042 0.923497
v -0.344264 -0.601096 0.831126
v -0.292772 -0.765051 0.706814
v -0.230030 -0.899604 0.555340
v -0.158447 -0.999587 0.382525
v -0.080776 -1.061156 0.195010
v -0.117268 1.061156 0.175504
v -0.230030 0.999587 0.344264
v -0.333951 0.899604 0.499793
v -0.425039 0.765051 0.636116
v -0.499793 0.601096 0.747993
v -0.555340 0.414042 0.831126
v -0.589546 0.211077 0.882318
v -0.601096 0.000000 0.899603
v -0.589546 -0.211077 0.882318
v -0.555340 -0.414042 0.831126
v -0.499793 -0.601096 0.747993
v -0.425039 -0.765051 0.636116
v -0.333951 -0.899604 0.499793
v -0.230030 -0.999587 0.344264
v -0.117268 -1.061156 0.175504
v -0.149254 1.061156 0.149254
v -0.292772 0.999587 0.292772
v -0.425039 0.899604 0.425039
v -0.540972 0.765051 0.540972
v -0.636116 0.601096 0.636116
v -0.706814 0.414042 0.706814
v -0.750350 0.211077 0.750350
v -0.765050 0.000000 0.765050
v -0.750350 -0.211077 0.750350
v -0.706814 -0.414042 0.706814
v -0.636116 -0.601096 0.636116
v -0.540972 -0.765051 0.540972
v -0.425039 -0.899604 0.425039
v -0.292772 -0.999587 0.292772
v -0.149254 -1.061156 0.149254
v -0.175504 1.061156 0.117268
v -0.344264 0.999587 0.230030
v -0.499793 0.899604 0.333951
v -0.636116 0.765051 0.425039
v -0.747993 0.601096 0.499793
v -0.831126 0.414042 0.555340
v -0.882318 0.211077 0.589546
v -0.899604 0.000000 0.601095
v -0.882318 -0.211077 0.589546
v -0.831126 -0.414042 0.555340
v -0.747993 -0.601096 0.499793
v -0.636116 -0.765051 0.425039
v -0.499793 -0.899604 0.333951
v -0.344264 -0.999587 0.230030
v -0.175504 -1.061156 0.117268
v -0.195010 1.061156 0.080776
v -0.382525 0.999587 0.158447
v -0.555340 0.899604 0.230029
v -0.706814 0.765051 0.292772
v -0.831126 0.601096 0.344263
v -0.923497 0.414042 0.382525
v -0.980380 0.211077 0.406086
v -0.999586 0.000000 0.414042
v -0.980380 -0.211077 0.406086
v -0.923497 -0.414042 0.382525
v -0.831126 -0.601096 0.344263
v -0.706814 -0.765051 0.292772
v -0.555340 -0.899604 0.230029
v -0.382525 -0.999587 0.158447
v -0.195010 -1.061156 0.080776
v -0.207021 1.061156 0.041179
v -0.406087 0.999587 0.080776
v -0.589546 0.899604 0.117268
v -0.750350 0.765051 0.149254
v -0.882318 0.601096 0.175504
v -0.980380 0.414042 0.195010
v -1.040765 0.211077 0.207021
v -1.061155 0.000000 0.211076
v -1.040765 -0.211077 0.207021
v -0.980380 -0.414042 0.195010
v -0.882318 -0.601096 0.175504
v -0.750350 -0.765051 0.149254
v -0.589546 -0.899604 0.117268
v -0.406087 -0.999587 0.080776
v -0.207021 -1.061156 0.041179
v -0.211077 1.061156 -0.000000
v -0.414042 0.999587 -0.000000
v -0.601096 0.899604 -0.000000
v -0.765050 0.765051 -0.000000
v -0.899604 0.601096 -0.000000
v -0.999586 0.414042 -0.000000
v -1.061155 0.211077 -0.000000
v -1.081944 0.000000 -0.000000
v -1.061155 -0.211077 -0.000000
v -0.999586 -0.414042 -0.000000
v -0.899604 -0.601096 -0.000000
v -0.765050 -0.765051 -0.000000
v -0.601096 -0.899604 -0.000000
v -0.414042 -0.999587 -0.000000
v -0.211077 -1.061156 -0.000000
v -0.207021 1.061156 -0.041179
v -0.406087 0.999587 -0.080776
v -0.589546 0.899604 -0.117268
v -0.750350 0.765051 -0.149254
v -0.882318 0.601096 -0.175504
v -0.980380 0.414042 -0.195010
v -1.040765 0.211077 -0.207021
v -1.061155 0.000000 -0.211077
v -1.040765 -0.211077 -0.207021
v -0.980380 -0.414042 -0.195010
v -0.882318 -0.601096 -0.175504
v -0.750350 -0.765051 -0.149254
v -0.589546 -0.899604 -0.117268
v -0.406087 -0.999587 -0.080776
v -0.207021 -1.061156 -0.041179
v -0.195010 1.061156 -0.080776
v -0.382525 0.999587 -0.158447
v -0.555340 0.899604 -0.230030
v -0.706814 0.765051 -0.292772
v -0.831125 0.601096 -0.344264
v -0.923497 0.414042 -0.382525
v -0.980379 0.211077 -0.406087
v -0.999586 0.000000 -0.414042
v -0.980379 -0.211077 -0.406087
v -0.923497 -0.414042 -0.382525
v -0.831125 -0.601096 -0.344264
v -0.706814 -0.765051 -0.292772
v -0.555340 -0.899604 -0.230030
v -0.382525 -0.999587 -0.158447
v -0.195010 -1.061156 -0.080776
v -0.175504 1.061156 -0.117268
v -0.344263 0.999587 -0.230030
v -0.499793 0.899604 -0.333951
v -0.636116 0.765051 -0.425039
v -0.747993 0.601096 -0.499793
v -0.831126 0.414042 -0.555340
v -0.882318 0.211077 -0.589546
v -0.899603 0.000000 -0.601096
v -0.882318 -0.211077 -0.589546
v -0.831126 -0.414042 -0.555340
v -0.747993 -0.601096 -0.499793
v -0.636116 -0.765051 -0.425039
v -0.499793 -0.899604 -0.333951
v -0.344263 -0.999587 -0.230030
v -0.175504 -1.061156 -0.117268
v -0.149254 1.061156 -0.149254
v -0.292772 0.999587 -0.292772
v -0.425039 0.899604 -0.425039
v -0.540972 0.765051 -0.540972
v -0.636116 0.601096 -0.636116
v -0.706814 0.414042 -0.706814
v -0.750350 0.211077 -0.750350
v -0.765049 0.000000 -0.765050
v -0.750350 -0.211077 -0.750350
v -0.706814 -0.414042 -0.706814
v -0.636116 -0.601096 -0.636116
v -0.540972 -0.765051 -0.540972
v -0.425039 -0.899604 -0.425039
v -0.292772 -0.999587 -0.292772
v -0.149254 -1.061156 -0.149254
v -0.117268 1.061156 -0.175504
v -0.230029 0.999587 -0.344264
v -0.333951 0.899604 -0.499793
v -0.425039 0.765051 -0.636116
v -0.499793 0.601096 -0.747993
v -0.555340 0.414042 -0.831126
v -0.589546 0.211077 -0.882318
v -0.601095 0.000000 -0.899604
v -0.589546 -0.211077 -0.882318
v -0.555340 -0.414042 -0.831126
v -0.499793 -0.601096 -0.747993
v -0.425039 -0.765051 -0.636116
v -0.333951 -0.899604 -0.499793
v -0.230029 -0.999587 -0.344264
v -0.117268 -1.061156 -0.175504
v -0.080776 1.061156 -0.195009
v -0.158447 0.999587 -0.382525
v -0.230029 0.899604 -0.555340
v -0.292772 0.765051 -0.706814
v -0.344263 0.601096 -0.831125
v -0.382525 0.414042 -0.923497
v -0.406086 0.211077 -0.980380
v -0.414041 0.000000 -0.999586
v -0.406086 -0.211077 -0.980380
v -0.382525 -0.414042 -0.923497
v -0.344263 -0.601096 -0.831125
v -0.292772 -0.765051 -0.706814
v -0.230029 -0.899604 -0.555340
v -0.158447 -0.999587 -0.382525
v -0.080776 -1.061156 -0.195009
v -0.041179 1.061156 -0.207021
v -0.080776 0.999587 -0.406087
v -0.117268 0.899604 -0.589546
v -0.149254 0.765051 -0.750350
v -0.175504 0.601096 -0.882318
v -0.195010 0.414042 -0.980380
v -0.207021 0.211077 -1.040765
v -0.211076 0.000000 -1.061154
v -0.207021 -0.211077 -1.040765
v -0.195010 -0.414042 -0.980380
v -0.175504 -0.601096 -0.882318
v -0.149254 -0.765051 -0.750350
v -0.117268 -0.899604 -0.589546
v -0.080776 -0.999587 -0.406087
v -0.041179 -1.061156 -0.207021
v 0.000000 1.061156 -0.211077
v 0.000000 0.999587 -0.414042
v 0.000000 0.765051 -0.765050
v 0.000000 0.414042 -0.999586
v 0.000000 -0.414042 -0.999586
v 0.000000 -0.765051 -0.765050
v 0.000000 -0.899604 -0.601096
v 0.000000 -0.999587 -0.414042
v 0.000000 -1.061156 -0.211077
vn -0.0000 1.0000 -0.0000
vn -0.0000 0.8286 -0.5598
vn -0.0000 0.5528 -0.8333
vn -0.0000 0.1939 -0.9810
vn -0.0000 -0.0000 -1.0000
vn -0.0000 -0.1939 -0.9810
vn -0.0000 -0.5528 -0.8333
vn -0.0000 -1.0000 -0.0000
vn 0.0392 0.9796 -0.1971
vn 0.0757 0.9217 -0.3804
vn 0.1092 0.8286 -0.5490
vn 0.1385 0.7041 -0.6965
vn 0.1626 0.5528 -0.8173
vn 0.1804 0.3805 -0.9070
vn 0.1914 0.1939 -0.9622
vn 0.1951 -0.0000 -0.9808
vn 0.1914 -0.1939 -0.9622
vn 0.1804 -0.3805 -0.9070
vn 0.1626 -0.5528 -0.8173
vn 0.1385 -0.7041 -0.6965
vn 0.1092 -0.8286 -0.5490
vn 0.0757 -0.9217 -0.3804
vn 0.0392 -0.9796 -0.1971
vn 0.0769 0.9796 -0.1857
vn 0.1484 0.9217 -0.3584
vn 0.2142 0.8286 -0.5172
vn 0.2718 0.7041 -0.6561
vn 0.3189 0.5528 -0.7699
vn 0.3539 0.3805 -0.8544
vn 0.3754 0.1939 -0.9063
vn 0.3827 -0.0000 -0.9239
vn 0.3754 -0.1939 -0.9063
vn 0.3539 -0.3805 -0.8544
vn 0.3189 -0.5528 -0.7699
vn 0.2718 -0.7041 -0.6561
vn 0.2142 -0.8286 -0.5172
vn 0.1484 -0.9217 -0.3584
vn 0.0769 -0.9796 -0.1857
vn 0.1117 0.9796 -0.1671
vn 0.2155 0.9217 -0.3225
vn 0.3110 0.8286 -0.4654
vn 0.3945 0.7041 -0.5905
vn 0.4630 0.5528 -0.6929
vn 0.5138 0.3805 -0.7689
vn 0.5450 0.1939 -0.8157
vn 0.5556 -0.0000 -0.8315
vn 0.5450 -0.1939 -0.8157
vn 0.5138 -0.3805 -0.7689
vn 0.4630 -0.5528 -0.6929
vn 0.3945 -0.7041 -0.5905
vn 0.3110 -0.8286 -0.4654
vn 0.2155 -0.9217 -0.3225
vn 0.1117 -0.9796 -0.1671
vn 0.1421 0.9796 -0.1421
vn 0.2743 0.9217 -0.2743
vn 0.3958 0.8286 -0.3958
vn 0.5021 0.7041 -0.5021
vn 0.5893 0.5528 -0.5893
vn 0.6539 0.3805 -0.6539
vn 0.6937 0.1939 -0.6937
vn 0.7071 -0.0000 -0.7071
vn 0.6937 -0.1939 -0.6937
vn 0.6539 -0.3805 -0.6539
vn 0.5893 -0.5528 -0.5893
vn 0.5021 -0.7041 -0.5021
vn 0.3958 -0.8286 -0.3958
vn 0.2743 -0.9217 -0.2743
vn 0.1421 -0.9796 -0.1421
vn 0.1671 0.9796 -0.1117
vn 0.3225 0.9217 -0.2155
vn 0.4654 0.8286 -0.3110
vn 0.5905 0.7041 -0.3945
vn 0.6929 0.5528 -0.4630
vn 0.7689 0.3805 -0.5138
vn 0.8157 0.1939 -0.5450
vn 0.8315 -0.0000 -0.5556
vn 0.8157 -0.1939 -0.5450
vn 0.7689 -0.3805 -0.5138
vn 0.6929 -0.5528 -0.4630
vn 0.5905 -0.7041 -0.3945
vn 0.4654 -0.8286 -0.3110
vn 0.3225 -0.9217 -0.2155
vn 0.1671 -0.9796 -0.1117
vn 0.1857 0.9796 -0.0769
vn 0.3584 0.9217 -0.1484
vn 0.5172 0.8286 -0.2142
vn 0.6561 0.7041 -0.2718
vn 0.7699 0.5528 -0.3189
vn 0.8544 0.3805 -0.3539
vn 0.9063 0.1939 -0.3754
vn 0.9239 -0.0000 -0.3827
vn 0.9063 -0.1939 -0.3754
vn 0.8544 -0.3805 -0.3539
vn 0.7699 -0.5528 -0.3189
vn 0.6561 -0.7041 -0.2718
vn 0.5172 -0.8286 -0.2142
vn 0.3584 -0.9217 -0.1484
vn 0.1857 -0.9796 -0.0769
vn 0.1971 0.9796 -0.0392
vn 0.3804 0.9217 -0.0757
vn 0.5490 0.8286 -0.1092
vn 0.6965 0.7041 -0.1385
vn 0.8173 0.5528 -0.1626
vn 0.9070 0.3805 -0.1804
vn 0.9622 0.1939 -0.1914
vn 0.9808 -0.0000 -0.1951
vn 0.9622 -0.1939 -0.1914
vn 0.9070 -0.3805 -0.1804
vn 0.8173 -0.5528 -0.1626
vn 0.6965 -0.7041 -0.1385
vn 0.5490 -0.8286 -0.1092
vn 0.3804 -0.9217 -0.0757
vn 0.1971 -0.9796 -0.0392
vn 0.2010 0.9796 -0.0000
vn 0.3879 0.9217 -0.0000
vn 0.5598 0.8286 -0.0000
vn 0.7101 0.7041 -0.0000
vn 0.8333 0.5528 -0.0000
vn 0.9248 0.3805 -0.0000
vn 0.9810 0.1939 -0.0000
vn 1.0000 -0.0000 -0.0000
vn 0.9810 -0.1939 -0.0000
vn 0.9248 -0.3805 -0.0000
vn 0.8333 -0.5528 -0.0000
vn 0.7101 -0.7041 -0.0000
vn 0.5598 -0.8286 -0.0000
vn 0.3879 -0.9217 -0.0000
vn 0.2010 -0.9796 -0.0000
vn 0.1971 0.9796 0.0392
vn 0.3804 0.9217 0.0757
vn 0.5490 0.8286 0.1092
vn 0.6965 0.7041 0.1385
vn 0.8173 0.5528 0.1626
vn 0.9070 0.3805 0.1804
vn 0.9622 0.1939 0.1914
vn 0.9808 -0.0000 0.1951
vn 0.9622 -0.1939 0.1914
vn 0.9070 -0.3805 0.1804
vn 0.8173 -0.5528 0.1626
vn 0.6965 -0.7041 0.1385
vn 0.5490 -0.8286 0.1092
vn 0.3804 -0.9217 0.0757
vn 0.1971 -0.9796 0.0392
vn 0.1857 0.9796 0.0769
vn 0.3584 0.9217 0.1484
vn 0.5172 0.8286 0.2142
vn 0.6561 0.7041 0.2718
vn 0.7699 0.5528 0.3189
vn 0.8544 0.3805 0.3539
vn 0.9063 0.1939 0.3754
vn 0.9239 -0.0000 0.3827
vn 0.9063 -0.1939 0.3754
vn 0.8544 -0.3805 0.3539
vn 0.7699 -0.5528 0.3189
vn 0.6561 -0.7041 0.2718
vn 0.5172 -0.8286 0.2142
vn 0.3584 -0.9217 0.1484
vn 0.1857 -0.9796 0.0769
vn 0.1671 0.9796 0.1117
vn 0.3225 0.9217 0.2155
vn 0.4654 0.8286 0.3110
vn 0.5905 0.7041 0.3945
vn 0.6929 0.5528 0.4630
vn 0.7689 0.3805 0.5138
vn 0.8157 0.1939 0.5450
vn 0.8315 -0.0000 0.5556
vn 0.8157 -0.1939 0.5450
vn 0.7689 -0.3805 0.5138
vn 0.6929 -0.5528 0.4630
vn 0.5905 -0.7041 0.3945
vn 0.4654 -0.8286 0.3110
vn 0.3225 -0.9217 0.2155
vn 0.1671 -0.9796 0.1117
vn 0.1421 0.9796 0.1421
vn 0.2743 0.9217 0.2743
vn 0.3958 0.8286 0.3958
vn 0.5021 0.7041 0.5021
vn 0.5893 0.5528 0.5893
vn 0.6539 0.3805 0.6539
vn 0.6937 0.1939 0.6937
vn 0.7071 -0.0000 0.7071
vn 0.6937 -0.1939 0.6937
vn 0.6539 -0.3805 0.6539
vn 0.5893 -0.5528 0.5893
vn 0.5021 -0.7041 0.5021
vn 0.3958 -0.8286 0.3958
vn 0.2743 -0.9217 0.2743
vn 0.1421 -0.9796 0.1421
vn 0.1117 0.9796 0.1671
vn 0.2155 0.9217 0.3225
vn 0.3110 0.8286 0.4654
vn 0.3945 0.7041 0.5905
vn 0.4630 0.5528 0.6929
vn 0.5138 0.3805 0.7689
vn 0.5450 0.1939 0.8157
vn 0.5556 -0.0000 0.8315
vn 0.5450 -0.1939 0.8157
vn 0.5138 -0.3805 0.7689
vn 0.4630 -0.5528 0.6929
vn 0.3945 -0.7041 0.5905
vn 0.3110 -0.8286 0.4654
vn 0.2155 -0.9217 0.3225
vn 0.1117 -0.9796 0.1671
vn 0.0769 0.9796 0.1857
vn 0.1484 0.9217 0.3584
vn 0.2142 0.8286 0.5172
vn 0.2718 0.7041 0.6561
vn 0.3189 0.5528 0.7699
vn 0.3539 0.3805 0.8544
vn 0.3754 0.1939 0.9063
vn 0.3827 -0.0000 0.9239
vn 0.3754 -0.1939 0.9063
vn 0.3539 -0.3805 0.8544
vn 0.3189 -0.5528 0.7699
vn 0.2718 -0.7041 0.6561
vn 0.2142 -0.8286 0.5172
vn 0.1484 -0.9217 0.3584
vn 0.0769 -0.9796 0.1857
vn 0.0392 0.9796 0.1971
vn 0.0757 0.9217 0.3804
vn 0.1092 0.8286 0.5490
vn 0.1385 0.7041 0.6965
vn 0.1626 0.5528 0.8173
vn 0.1804 0.3805 0.9070
vn 0.1914 0.1939 0.9622
vn 0.1951 -0.0000 0.9808
vn 0.1914 -0.1939 0.9622
vn 0.1804 -0.3805 0.9070
vn 0.1626 -0.5528 0.8173
vn 0.1385 -0.7041 0.6965
vn 0.1092 -0.8286 0.5490
vn 0.0757 -0.9217 0.3804
vn 0.0392 -0.9796 0.1971
vn -0.0000 0.9796 0.2010
vn -0.0000 0.9217 0.3879
vn -0.0000 0.8286 0.5598
vn -0.0000 0.7041 0.7101
vn -0.0000 0.5528 0.8333
vn -0.0000 0.3805 0.9248
vn -0.0000 0.1939 0.9810
vn -0.0000 -0.0000 1.0000
vn -0.0000 -0.1939 0.9810
vn -0.0000 -0.3805 0.9248
vn -0.0000 -0.5528 0.8333
vn -0.0000 -0.7041 0.7101
vn -0.0000 -0.8286 0.5598
vn -0.0000 -0.9217 0.3879
vn -0.0000 -0.9796 0.2010
vn -0.0392 0.9796 0.1971
vn -0.0757 0.9217 0.3804
vn -0.1092 0.8286 0.5490
vn -0.1385 0.7041 0.6965
vn -0.1626 0.5528 0.8173
vn -0.1804 0.3805 0.9070
vn -0.1914 0.1939 0.9622
vn -0.1951 -0.0000 0.9808
vn -0.1914 -0.1939 0.9622
vn -0.1804 -0.3805 0.9070
vn -0.1626 -0.5528 0.8173
vn -0.1385 -0.7041 0.6965
vn -0.1092 -0.8286 0.5490
vn -0.0757 -0.9217 0.3804
vn -0.0392 -0.9796 0.1971
vn -0.0769 0.9796 0.1857
vn -0.1484 0.9217 0.3584
vn -0.2142 0.8286 0.5172
vn -0.2718 0.7041 0.6561
vn -0.3189 0.5528 0.7699
vn -0.3539 0.3805 0.8544
vn -0.3754 0.1939 0.9063
vn -0.3827 -0.0000 0.9239
vn -0.3754 -0.1939 0.9063
vn -0.3539 -0.3805 0.8544
vn -0.3189 -0.5528 0.7699
vn -0.2718 -0.7041 0.6561
vn -0.2142 -0.8286 0.5172
vn -0.1484 -0.9217 0.3584
vn -0.0769 -0.9796 0.1857
vn -0.1117 0.9796 0.1671
vn -0.2155 0.9217 0.3225
vn -0.3110 0.8286 0.4654
vn -0.3945 0.7041 0.5905
vn -0.4630 0.5528 0.6929
vn -0.5138 0.3805 0.7689
vn -0.5450 0.1939 0.8157
vn -0.5556 -0.0000 0.8315
vn -0.5450 -0.1939 0.8157
vn -0.5138 -0.3805 0.7689
vn -0.4630 -0.5528 0.6929
vn -0.3945 -0.7041 0.5905
vn -0.3110 -0.8286 0.4654
vn -0.2155 -0.9217 0.3225
vn -0.1117 -0.9796 0.1671
vn -0.1421 0.9796 0.1421
vn -0.2743 0.9217 0.2743
vn -0.3958 0.8286 0.3958
vn -0.5021 0.7041 0.5021
vn -0.5893 0.5528 0.5893
vn -0.6539 0.3805 0.6539
vn -0.6937 0.1939 0.6937
vn -0.7071 -0.0000 0.7071
vn -0.6937 -0.1939 0.6937
vn -0.6539 -0.3805 0.6539
vn -0.5893 -0.5528 0.5893
vn -0.5021 -0.7041 0.5021
vn -0.3958 -0.8286 0.3958
vn -0.2743 -0.9217 0.2743
vn -0.1421 -0.9796 0.1421
vn -0.1671 0.9796 0.1117
vn -0.3225 0.9217 0.2155
vn -0.4654 0.8286 0.3110
vn -0.5905 0.7041 0.3945
vn -0.6929 0.5528 0.4630
vn -0.7689 0.3805 0.5138
vn -0.8157 0.1939 0.5450
vn -0.8315 -0.0000 0.5556
vn -0.8157 -0.1939 0.5450
vn -0.7689 -0.3805 0.5138
vn -0.6929 -0.5528 0.4630
vn -0.5905 -0.7041 0.3945
vn -0.4654 -0.8286 0.3110
vn -0.3225 -0.9217 0.2155
vn -0.1671 -0.9796 0.1117
vn -0.1857 0.9796 0.0769
vn -0.3584 0.9217 0.1484
vn -0.5172 0.8286 0.2142
vn -0.6561 0.7041 0.2718
vn -0.7699 0.5528 0.3189
vn -0.8544 0.3805 0.3539
vn -0.9063 0.1939 0.3754
vn -0.9239 -0.0000 0.3827
vn -0.9063 -0.1939 0.3754
vn -0.8544 -0.3805 0.3539
vn -0.7699 -0.5528 0.3189
vn -0.6561 -0.7041 0.2718
vn -0.5172 -0.8286 0.2142
vn -0.3584 -0.9217 0.1484
vn -0.1857 -0.9796 0.0769
vn -0.1971 0.9796 0.0392
vn -0.3804 0.9217 0.0757
vn -0.5490 0.8286 0.1092
vn -0.6965 0.7041 0.1385
vn -0.8173 0.5528 0.1626
vn -0.9070 0.3805 0.1804
vn -0.9622 0.1939 0.1914
vn -0.9808 -0.0000 0.1951
vn -0.9622 -0.1939 0.1914
vn -0.9070 -0.3805 0.1804
vn -0.8173 -0.5528 0.1626
vn -0.6965 -0.7041 0.1385
vn -0.5490 -0.8286 0.1092
vn -0.3804 -0.9217 0.0757
vn -0.1971 -0.9796 0.0392
vn -0.2010 0.9796 -0.0000
vn -0.3879 0.9217 -0.0000
vn -0.5598 0.8286 -0.0000
vn -0.7101 0.7041 -0.0000
vn -0.8333 0.5528 -0.0000
vn -0.9248 0.3805 -0.0000
vn -0.9810 0.1939 -0.0000
vn -1.0000 -0.0000 -0.0000
vn -0.9810 -0.1939 -0.0000
vn -0.9248 -0.3805 -0.0000
vn -0.8333 -0.5528 -0.0000
vn -0.7101 -0.7041 -0.0000
vn -0.5598 -0.8286 -0.0000
vn -0.3879 -0.9217 -0.0000
vn -0.2010 -0.9796 -0.0000
vn -0.1971 0.9796 -0.0392
vn -0.3804 0.9217 -0.0757
vn -0.5490 0.8286 -0.1092
vn -0.6965 0.7041 -0.1385
vn -0.8173 0.5528 -0.1626
vn -0.9070 0.3805 -0.1804
vn -0.9622 0.1939 -0.1914
vn -0.9808 -0.0000 -0.1951
vn -0.9622 -0.1939 -0.1914
vn -0.9070 -0.3805 -0.1804
vn -0.8173 -0.5528 -0.1626
vn -0.6965 -0.7041 -0.1385
vn -0.5490 -0.8286 -0.1092
vn -0.3804 -0.9217 -0.0757
vn -0.1971 -0.9796 -0.0392
vn -0.1857 0.9796 -0.0769
vn -0.3584 0.9217 -0.1484
vn -0.5172 0.8286 -0.2142
vn -0.6561 0.7041 -0.2718
vn -0.7699 0.5528 -0.3189
vn -0.8544 0.3805 -0.3539
vn -0.9063 0.1939 -0.3754
vn -0.9239 -0.0000 -0.3827
vn -0.9063 -0.1939 -0.3754
vn -0.8544 -0.3805 -0.3539
vn -0.7699 -0.5528 -0.3189
vn -0.6561 -0.7041 -0.2718
vn -0.5172 -0.8286 -0.2142
vn -0.3584 -0.9217 -0.1484
vn -0.1857 -0.9796 -0.0769
vn -0.1671 0.9796 -0.1117
vn -0.3225 0.9217 -0.2155
vn -0.4654 0.8286 -0.3110
vn -0.5905 0.7041 -0.3945
vn -0.6929 0.5528 -0.4630
vn -0.7689 0.3805 -0.5138
vn -0.8157 0.1939 -0.5450
vn -0.8315 -0.0000 -0.5556
vn -0.8157 -0.1939 -0.5450
vn -0.7689 -0.3805 -0.5138
vn -0.6929 -0.5528 -0.4630
vn -0.5905 -0.7041 -0.3945
vn -0.4654 -0.8286 -0.3110
vn -0.3225 -0.9217 -0.2155
vn -0.1671 -0.9796 -0.1117
vn -0.1421 0.9796 -0.1421
vn -0.2743 0.9217 -0.2743
vn -0.3958 0.8286 -0.3958
vn -0.5021 0.7041 -0.5021
vn -0.5893 0.5528 -0.5893
vn -0.6539 0.3805 -0.6539
vn -0.6937 0.1939 -0.6937
vn -0.7071 -0.0000 -0.7071
vn -0.6937 -0.1939 -0.6937
vn -0.6539 -0.3805 -0.6539
vn -0.5893 -0.5528 -0.5893
vn -0.5021 -0.7041 -0.5021
vn -0.3958 -0.8286 -0.3958
vn -0.2743 -0.9217 -0.2743
vn -0.1421 -0.9796 -0.1421
vn -0.1117 0.9796 -0.1671
vn -0.2155 0.9217 -0.3225
vn -0.3110 0.8286 -0.4654
vn -0.3945 0.7041 -0.5905
vn -0.4630 0.5528 -0.6929
vn -0.5138 0.3805 -0.7689
vn -0.5450 0.1939 -0.8157
vn -0.5556 -0.0000 -0.8315
vn -0.5450 -0.1939 -0.8157
vn -0.5138 -0.3805 -0.7689
vn -0.4630 -0.5528 -0.6929
vn -0.3945 -0.7041 -0.5905
vn -0.3110 -0.8286 -0.4654
vn -0.2155 -0.9217 -0.3225
vn -0.1117 -0.9796 -0.1671
vn -0.0769 0.9796 -0.1857
vn -0.1484 0.9217 -0.3584
vn -0.2142 0.8286 -0.5172
vn -0.2718 0.7041 -0.6561
vn -0.3189 0.5528 -0.7699
vn -0.3539 0.3805 -0.8544
vn -0.3754 0.1939 -0.9063
vn -0.3827 -0.0000 -0.9239
vn -0.3754 -0.1939 -0.9063
vn -0.3539 -0.3805 -0.8544
vn -0.3189 -0.5528 -0.7699
vn -0.2718 -0.7041 -0.6561
vn -0.2142 -0.8286 -0.5172
vn -0.1484 -0.9217 -0.3584
vn -0.0769 -0.9796 -0.1857
vn -0.0392 0.9796 -0.1971
vn -0.0757 0.9217 -0.3804
vn -0.1092 0.8286 -0.5490
vn -0.1385 0.7041 -0.6965
vn -0.1626 0.5528 -0.8173
vn -0.1804 0.3805 -0.9070
vn -0.1914 0.1939 -0.9622
vn -0.1951 -0.0000 -0.9808
vn -0.1914 -0.1939 -0.9622
vn -0.1804 -0.3805 -0.9070
vn -0.1626 -0.5528 -0.8173
vn -0.1385 -0.7041 -0.6965
vn -0.1092 -0.8286 -0.5490
vn -0.0757 -0.9217 -0.3804
vn -0.0392 -0.9796 -0.1971
vn -0.0000 0.9796 -0.2010
vn -0.0000 0.9217 -0.3879
vn -0.0000 0.7041 -0.7101
vn -0.0000 0.3805 -0.9248
vn -0.0000 -0.3805 -0.9248
vn -0.0000 -0.7041 -0.7101
vn -0.0000 -0.8286 -0.5598
vn -0.0000 -0.9217 -0.3879
vn -0.0000 -0.9796 -0.2010
vt 0.750000 0.125000
vt 0.750000 0.187500
vt 0.718750 0.187500
vt 0.718750 0.125000
vt 0.750000 0.562500
vt 0.750000 0.625000
vt 0.718750 0.625000
vt 0.718750 0.562500
vt 0.750000 0.062500
vt 0.718750 0.062500
vt 0.750000 0.500000
vt 0.718750 0.500000
vt 0.750000 0.937500
vt 0.734375 1.000000
vt 0.718750 0.937500
vt 0.734375 0.000000
vt 0.750000 0.437500
vt 0.718750 0.437500
vt 0.750000 0.875000
vt 0.718750 0.875000
vt 0.750000 0.375000
vt 0.718750 0.375000
vt 0.750000 0.812500
vt 0.718750 0.812500
vt 0.750000 0.312500
vt 0.718750 0.312500
vt 0.750000 0.750000
vt 0.718750 0.750000
vt 0.750000 0.250000
vt 0.718750 0.250000
vt 0.750000 0.687500
vt 0.718750 0.687500
vt 0.687500 0.750000
vt 0.687500 0.687500
vt 0.687500 0.250000
vt 0.687500 0.187500
vt 0.687500 0.625000
vt 0.687500 0.125000
vt 0.687500 0.562500
vt 0.687500 0.062500
vt 0.687500 0.500000
vt 0.703125 1.000000
vt 0.687500 0.937500
vt 0.703125 0.000000
vt 0.687500 0.437500
vt 0.687500 0.875000
vt 0.687500 0.375000
vt 0.687500 0.812500
vt 0.687500 0.312500
vt 0.656250 0.500000
vt 0.656250 0.437500
vt 0.656250 0.937500
vt 0.656250 0.875000
vt 0.656250 0.375000
vt 0.656250 0.812500
vt 0.656250 0.312500
vt 0.656250 0.750000
vt 0.656250 0.250000
vt 0.656250 0.687500
vt 0.656250 0.187500
vt 0.656250 0.625000
vt 0.656250 0.125000
vt 0.656250 0.562500
vt 0.656250 0.062500
vt 0.671875 1.000000
vt 0.671875 0.000000
vt 0.625000 0.250000
vt 0.625000 0.187500
vt 0.625000 0.687500
vt 0.625000 0.625000
vt 0.625000 0.125000
vt 0.625000 0.562500
vt 0.625000 0.062500
vt 0.625000 0.500000
vt 0.640625 1.000000
vt 0.625000 0.937500
vt 0.640625 0.000000
vt 0.625000 0.437500
vt 0.625000 0.875000
vt 0.625000 0.375000
vt 0.625000 0.812500
vt 0.625000 0.312500
vt 0.625000 0.750000
vt 0.593750 0.437500
vt 0.593750 0.375000
vt 0.593750 0.875000
vt 0.593750 0.812500
vt 0.593750 0.312500
vt 0.593750 0.750000
vt 0.593750 0.250000
vt 0.593750 0.687500
vt 0.593750 0.187500
vt 0.593750 0.625000
vt 0.593750 0.125000
vt 0.593750 0.562500
vt 0.593750 0.062500
vt 0.593750 0.500000
vt 0.609375 1.000000
vt 0.593750 0.937500
vt 0.609375 0.000000
vt 0.562500 0.187500
vt 0.562500 0.125000
vt 0.562500 0.625000
vt 0.562500 0.562500
vt 0.562500 0.062500
vt 0.562500 0.500000
vt 0.578125 1.000000
vt 0.562500 0.937500
vt 0.578125 0.000000
vt 0.562500 0.437500
vt 0.562500 0.875000
vt 0.562500 0.375000
vt 0.562500 0.812500
vt 0.562500 0.312500
vt 0.562500 0.750000
vt 0.562500 0.250000
vt 0.562500 0.687500
vt 0.531250 0.875000
vt 0.531250 0.812500
vt 0.531250 0.375000
vt 0.531250 0.312500
vt 0.531250 0.750000
vt 0.531250 0.250000
vt 0.531250 0.687500
vt 0.531250 0.187500
vt 0.531250 0.625000
vt 0.531250 0.125000
vt 0.531250 0.562500
vt 0.531250 0.062500
vt 0.531250 0.500000
vt 0.546875 1.000000
vt 0.531250 0.937500
vt 0.546875 0.000000
vt 0.531250 0.437500
vt 0.500000 0.625000
vt 0.500000 0.562500
vt 0.500000 0.125000
vt 0.500000 0.062500
vt 0.500000 0.500000
vt 0.515625 1.000000
vt 0.500000 0.937500
vt 0.515625 0.000000
vt 0.500000 0.437500
vt 0.500000 0.875000
vt 0.500000 0.375000
vt 0.500000 0.812500
vt 0.500000 0.312500
vt 0.500000 0.750000
vt 0.500000 0.250000
vt 0.500000 0.687500
vt 0.500000 0.187500
vt 0.468750 0.375000
vt 0.468750 0.312500
vt 0.468750 0.812500
vt 0.468750 0.750000
vt 0.468750 0.250000
vt 0.468750 0.687500
vt 0.468750 0.187500
vt 0.468750 0.625000
vt 0.468750 0.125000
vt 0.468750 0.562500
vt 0.468750 0.062500
vt 0.468750 0.500000
vt 0.484375 1.000000
vt 0.468750 0.937500
vt 0.484375 0.000000
vt 0.468750 0.437500
vt 0.468750 0.875000
vt 0.437500 0.125000
vt 0.437500 0.062500
vt 0.437500 0.562500
vt 0.437500 0.500000
vt 0.453125 1.000000
vt 0.437500 0.937500
vt 0.453125 0.000000
vt 0.437500 0.437500
vt 0.437500 0.875000
vt 0.437500 0.375000
vt 0.437500 0.812500
vt 0.437500 0.312500
vt 0.437500 0.750000
vt 0.437500 0.250000
vt 0.437500 0.687500
vt 0.437500 0.187500
vt 0.437500 0.625000
vt 0.406250 0.812500
vt 0.406250 0.750000
vt 0.406250 0.312500
vt 0.406250 0.250000
vt 0.406250 0.687500
vt 0.406250 0.187500
vt 0.406250 0.625000
vt 0.406250 0.125000
vt 0.406250 0.562500
vt 0.406250 0.062500
vt 0.406250 0.500000
vt 0.421875 1.000000
vt 0.406250 0.937500
vt 0.421875 0.000000
vt 0.406250 0.437500
vt 0.406250 0.875000
vt 0.406250 0.375000
vt 0.375000 0.562500
vt 0.375000 0.500000
vt 0.390625 1.000000
vt 0.375000 0.937500
vt 0.390625 0.000000
vt 0.375000 0.062500
vt 0.375000 0.437500
vt 0.375000 0.875000
vt 0.375000 0.375000
vt 0.375000 0.812500
vt 0.375000 0.312500
vt 0.375000 0.750000
vt 0.375000 0.250000
vt 0.375000 0.687500
vt 0.375000 0.187500
vt 0.375000 0.625000
vt 0.375000 0.125000
vt 0.343750 0.312500
vt 0.343750 0.250000
vt 0.343750 0.750000
vt 0.343750 0.687500
vt 0.343750 0.187500
vt 0.343750 0.625000
vt 0.343750 0.125000
vt 0.343750 0.562500
vt 0.343750 0.062500
vt 0.343750 0.500000
vt 0.359375 1.000000
vt 0.343750 0.937500
vt 0.359375 0.000000
vt 0.343750 0.437500
vt 0.343750 0.875000
vt 0.343750 0.375000
vt 0.343750 0.812500
vt 0.328125 0.000000
vt 0.312500 0.062500
vt 0.312500 0.500000
vt 0.312500 0.437500
vt 0.312500 0.937500
vt 0.312500 0.875000
vt 0.312500 0.375000
vt 0.312500 0.812500
vt 0.312500 0.312500
vt 0.312500 0.750000
vt 0.312500 0.250000
vt 0.312500 0.687500
vt 0.312500 0.187500
vt 0.312500 0.625000
vt 0.312500 0.125000
vt 0.312500 0.562500
vt 0.328125 1.000000
vt 0.281250 0.250000
vt 0.281250 0.187500
vt 0.281250 0.687500
vt 0.281250 0.625000
vt 0.281250 0.125000
vt 0.281250 0.562500
vt 0.281250 0.062500
vt 0.281250 0.500000
vt 0.296875 1.000000
vt 0.281250 0.937500
vt 0.296875 0.000000
vt 0.281250 0.437500
vt 0.281250 0.875000
vt 0.281250 0.375000
vt 0.281250 0.812500
vt 0.281250 0.312500
vt 0.281250 0.750000
vt 0.250000 0.937500
vt 0.250000 0.875000
vt 0.250000 0.437500
vt 0.250000 0.375000
vt 0.250000 0.812500
vt 0.250000 0.312500
vt 0.250000 0.750000
vt 0.250000 0.250000
vt 0.250000 0.687500
vt 0.250000 0.187500
vt 0.250000 0.625000
vt 0.250000 0.125000
vt 0.250000 0.562500
vt 0.250000 0.062500
vt 0.250000 0.500000
vt 0.265625 1.000000
vt 0.265625 0.000000
vt 0.218750 0.687500
vt 0.218750 0.625000
vt 0.218750 0.187500
vt 0.218750 0.125000
vt 0.218750 0.562500
vt 0.218750 0.062500
vt 0.218750 0.500000
vt 0.234375 1.000000
vt 0.218750 0.937500
vt 0.234375 0.000000
vt 0.218750 0.437500
vt 0.218750 0.875000
vt 0.218750 0.375000
vt 0.218750 0.812500
vt 0.218750 0.312500
vt 0.218750 0.750000
vt 0.218750 0.250000
vt 0.187500 0.437500
vt 0.187500 0.375000
vt 0.187500 0.875000
vt 0.187500 0.812500
vt 0.187500 0.312500
vt 0.187500 0.750000
vt 0.187500 0.250000
vt 0.187500 0.687500
vt 0.187500 0.187500
vt 0.187500 0.625000
vt 0.187500 0.125000
vt 0.187500 0.562500
vt 0.187500 0.062500
vt 0.187500 0.500000
vt 0.203125 1.000000
vt 0.187500 0.937500
vt 0.203125 0.000000
vt 0.156250 0.187500
vt 0.156250 0.125000
vt 0.156250 0.625000
vt 0.156250 0.562500
vt 0.156250 0.062500
vt 0.156250 0.500000
vt 0.171875 1.000000
vt 0.156250 0.937500
vt 0.171875 0.000000
vt 0.156250 0.437500
vt 0.156250 0.875000
vt 0.156250 0.375000
vt 0.156250 0.812500
vt 0.156250 0.312500
vt 0.156250 0.750000
vt 0.156250 0.250000
vt 0.156250 0.687500
vt 0.125000 0.875000
vt 0.125000 0.812500
vt 0.125000 0.375000
vt 0.125000 0.312500
vt 0.125000 0.750000
vt 0.125000 0.250000
vt 0.125000 0.687500
vt 0.125000 0.187500
vt 0.125000 0.625000
vt 0.125000 0.125000
vt 0.125000 0.562500
vt 0.125000 0.062500
vt 0.125000 0.500000
vt 0.140625 1.000000
vt 0.125000 0.937500
vt 0.140625 0.000000
vt 0.125000 0.437500
vt 0.093750 0.625000
vt 0.093750 0.562500
vt 0.093750 0.125000
vt 0.093750 0.062500
vt 0.093750 0.500000
vt 0.109375 1.000000
vt 0.093750 0.937500
vt 0.109375 0.000000
vt 0.093750 0.437500
vt 0.093750 0.875000
vt 0.093750 0.375000
vt 0.093750 0.812500
vt 0.093750 0.312500
vt 0.093750 0.750000
vt 0.093750 0.250000
vt 0.093750 0.687500
vt 0.093750 0.187500
vt 0.062500 0.375000
vt 0.062500 0.312500
vt 0.062500 0.812500
vt 0.062500 0.750000
vt 0.062500 0.250000
vt 0.062500 0.687500
vt 0.062500 0.187500
vt 0.062500 0.625000
vt 0.062500 0.125000
vt 0.062500 0.562500
vt 0.062500 0.062500
vt 0.062500 0.500000
vt 0.078125 1.000000
vt 0.062500 0.937500
vt 0.078125 0.000000
vt 0.062500 0.437500
vt 0.062500 0.875000
vt 0.031250 0.125000
vt 0.031250 0.062500
vt 0.031250 0.562500
vt 0.031250 0.500000
vt 0.046875 1.000000
vt 0.031250 0.937500
vt 0.046875 0.000000
vt 0.031250 0.437500
vt 0.031250 0.875000
vt 0.031250 0.375000
vt 0.031250 0.812500
vt 0.031250 0.312500
vt 0.031250 0.750000
vt 0.031250 0.250000
vt 0.031250 0.687500
vt 0.031250 0.187500
vt 0.031250 0.625000
vt 0.000000 0.312500
vt 0.000000 0.250000
vt 0.000000 0.750000
vt 0.000000 0.687500
vt 0.000000 0.187500
vt 0.000000 0.625000
vt 0.000000 0.125000
vt 0.000000 0.562500
vt 0.000000 0.062500
vt 0.000000 0.500000
vt 0.015625 1.000000
vt 0.000000 0.937500
vt 0.015625 0.000000
vt 0.000000 0.437500
vt 0.000000 0.875000
vt 0.000000 0.375000
vt 0.000000 0.812500
vt 1.000000 0.937500
vt 0.984375 1.000000
vt 0.968750 0.937500
vt 0.984375 0.000000
vt 1.000000 0.062500
vt 0.968750 0.062500
vt 1.000000 0.437500
vt 1.000000 0.500000
vt 0.968750 0.500000
vt 0.968750 0.437500
vt 1.000000 0.875000
vt 0.968750 0.875000
vt 1.000000 0.375000
vt 0.968750 0.375000
vt 1.000000 0.812500
vt 0.968750 0.812500
vt 1.000000 0.312500
vt 0.968750 0.312500
vt 1.000000 0.750000
vt 0.968750 0.750000
vt 1.000000 0.250000
vt 0.968750 0.250000
vt 1.000000 0.687500
vt 0.968750 0.687500
vt 1.000000 0.187500
vt 0.968750 0.187500
vt 1.000000 0.625000
vt 0.968750 0.625000
vt 1.000000 0.125000
vt 0.968750 0.125000
vt 1.000000 0.562500
vt 0.968750 0.562500
vt 0.937500 0.750000
vt 0.937500 0.687500
vt 0.937500 0.250000
vt 0.937500 0.187500
vt 0.937500 0.625000
vt 0.937500 0.125000
vt 0.937500 0.562500
vt 0.937500 0.062500
vt 0.937500 0.500000
vt 0.953125 1.000000
vt 0.937500 0.937500
vt 0.953125 0.000000
vt 0.937500 0.437500
vt 0.937500 0.875000
vt 0.937500 0.375000
vt 0.937500 0.812500
vt 0.937500 0.312500
vt 0.906250 0.500000
vt 0.906250 0.437500
vt 0.906250 0.937500
vt 0.906250 0.875000
vt 0.906250 0.375000
vt 0.906250 0.812500
vt 0.906250 0.312500
vt 0.906250 0.750000
vt 0.906250 0.250000
vt 0.906250 0.687500
vt 0.906250 0.187500
vt 0.906250 0.625000
vt 0.906250 0.125000
vt 0.906250 0.562500
vt 0.906250 0.062500
vt 0.921875 1.000000
vt 0.921875 0.000000
vt 0.875000 0.250000
vt 0.875000 0.187500
vt 0.875000 0.687500
vt 0.875000 0.625000
vt 0.875000 0.125000
vt 0.875000 0.562500
vt 0.875000 0.062500
vt 0.875000 0.500000
vt 0.890625 1.000000
vt 0.875000 0.937500
vt 0.890625 0.000000
vt 0.875000 0.437500
vt 0.875000 0.875000
vt 0.875000 0.375000
vt 0.875000 0.812500
vt 0.875000 0.312500
vt 0.875000 0.750000
vt 0.843750 0.937500
vt 0.843750 0.875000
vt 0.843750 0.437500
vt 0.843750 0.375000
vt 0.843750 0.812500
vt 0.843750 0.312500
vt 0.843750 0.750000
vt 0.843750 0.250000
vt 0.843750 0.687500
vt 0.843750 0.187500
vt 0.843750 0.625000
vt 0.843750 0.125000
vt 0.843750 0.562500
vt 0.843750 0.062500
vt 0.843750 0.500000
vt 0.859375 1.000000
vt 0.859375 0.000000
vt 0.812500 0.687500
vt 0.812500 0.625000
vt 0.812500 0.187500
vt 0.812500 0.125000
vt 0.812500 0.562500
vt 0.812500 0.062500
vt 0.812500 0.500000
vt 0.828125 1.000000
vt 0.812500 0.937500
vt 0.828125 0.000000
vt 0.812500 0.437500
vt 0.812500 0.875000
vt 0.812500 0.375000
vt 0.812500 0.812500
vt 0.812500 0.312500
vt 0.812500 0.750000
vt 0.812500 0.250000
vt 0.781250 0.437500
vt 0.781250 0.375000
vt 0.781250 0.875000
vt 0.781250 0.812500
vt 0.781250 0.312500
vt 0.781250 0.750000
vt 0.781250 0.250000
vt 0.781250 0.687500
vt 0.781250 0.187500
vt 0.781250 0.625000
vt 0.781250 0.125000
vt 0.781250 0.562500
vt 0.781250 0.062500
vt 0.781250 0.500000
vt 0.796875 1.000000
vt 0.781250 0.937500
vt 0.796875 0.000000
vt 0.765625 1.000000
vt 0.765625 0.000000
s 1
usemtl Material.001
f 963/560/963 962/561/962 503/562/503 504/563/504
f 486/564/486 959/565/959 496/566/496 497/567/497
f 964/568/964 963/560/963 504/563/504 505/569/505
f 487/570/487 486/564/486 497/567/497 498/571/498
f 956/572/956 483/573/483 491/574/491
f 490/575/490 964/568/964 505/569/505
f 488/576/488 487/570/487 498/571/498 499/577/499
f 957/578/957 956/572/956 491/574/491 492/579/492
f 960/580/960 488/576/488 499/577/499 500/581/500
f 484/582/484 957/578/957 492/579/492 493/583/493
f 489/584/489 960/580/960 500/581/500 501/585/501
f 958/586/958 484/582/484 493/583/493 494/587/494
f 961/588/961 489/584/489 501/585/501 502/589/502
f 485/590/485 958/586/958 494/587/494 495/591/495
f 962/561/962 961/588/961 502/589/502 503/562/503
f 959/565/959 485/590/485 495/591/495 496/566/496
f 495/591/495 494/587/494 509/592/509 510/593/510
f 503/562/503 502/589/502 517/594/517 518/595/518
f 496/566/496 495/591/495 510/593/510 511/596/511
f 504/563/504 503/562/503 518/595/518 519/597/519
f 497/567/497 496/566/496 511/596/511 512/598/512
f 505/569/505 504/563/504 519/597/519 520/599/520
f 498/571/498 497/567/497 512/598/512 513/600/513
f 491/574/491 483/601/483 506/602/506
f 490/603/490 505/569/505 520/599/520
f 499/577/499 498/571/498 513/600/513 514/604/514
f 492/579/492 491/574/491 506/602/506 507/605/507
f 500/581/500 499/577/499 514/604/514 515/606/515
f 493/583/493 492/579/492 507/605/507 508/607/508
f 501/585/501 500/581/500 515/606/515 516/608/516
f 494/587/494 493/583/493 508/607/508 509/592/509
f 502/589/502 501/585/501 516/608/516 517/594/517
f 514/604/514 513/600/513 528/609/528 529/610/529
f 507/605/507 506/602/506 521/611/521 522/612/522
f 515/606/515 514/604/514 529/610/529 530/613/530
f 508/607/508 507/605/507 522/612/522 523/614/523
f 516/608/516 515/606/515 530/613/530 531/615/531
f 509/592/509 508/607/508 523/614/523 524/616/524
f 517/594/517 516/608/516 531/615/531 532/617/532
f 510/593/510 509/592/509 524/616/524 525/618/525
f 518/595/518 517/594/517 532/617/532 533/619/533
f 511/596/511 510/593/510 525/618/525 526/620/526
f 519/597/519 518/595/518 533/619/533 534/621/534
f 512/598/512 511/596/511 526/620/526 527/622/527
f 520/599/520 519/597/519 534/621/534 535/623/535
f 513/600/513 512/598/512 527/622/527 528/609/528
f 506/602/506 483/624/483 521/611/521
f 490/625/490 520/599/520 535/623/535
f 533/619/533 532/617/532 547/626/547 548/627/548
f 526/620/526 525/618/525 540/628/540 541/629/541
f 534/621/534 533/619/533 548/627/548 549/630/549
f 527/622/527 526/620/526 541/629/541 542/631/542
f 535/623/535 534/621/534 549/630/549 550/632/550
f 528/609/528 527/622/527 542/631/542 543/633/543
f 521/611/521 483/634/483 536/635/536
f 490/636/490 535/623/535 550/632/550
f 529/610/529 528/609/528 543/633/543 544/637/544
f 522/612/522 521/611/521 536/635/536 537/638/537
f 530/613/530 529/610/529 544/637/544 545/639/545
f 523/614/523 522/612/522 537/638/537 538/640/538
f 531/615/531 530/613/530 545/639/545 546/641/546
f 524/616/524 523/614/523 538/640/538 539/642/539
f 532/617/532 531/615/531 546/641/546 547/626/547
f 525/618/525 524/616/524 539/642/539 540/628/540
f 545/639/545 544/637/544 559/643/559 560/644/560
f 538/640/538 537/638/537 552/645/552 553/646/553
f 546/641/546 545/639/545 560/644/560 561/647/561
f 539/642/539 538/640/538 553/646/553 554/648/554
f 547/626/547 546/641/546 561/647/561 562/649/562
f 540/628/540 539/642/539 554/648/554 555/650/555
f 548/627/548 547/626/547 562/649/562 563/651/563
f 541/629/541 540/628/540 555/650/555 556/652/556
f 549/630/549 548/627/548 563/651/563 564/653/564
f 542/631/542 541/629/541 556/652/556 557/654/557
f 550/632/550 549/630/549 564/653/564 565/655/565
f 543/633/543 542/631/542 557/654/557 558/656/558
f 536/635/536 483/657/483 551/658/551
f 490/659/490 550/632/550 565/655/565
f 544/637/544 543/633/543 558/656/558 559/643/559
f 537/638/537 536/635/536 551/658/551 552/645/552
f 564/653/564 563/651/563 578/660/578 579/661/579
f 557/654/557 556/652/556 571/662/571 572/663/572
f 565/655/565 564/653/564 579/661/579 580/664/580
f 558/656/558 557/654/557 572/663/572 573/665/573
f 551/658/551 483/666/483 566/667/566
f 490/668/490 565/655/565 580/664/580
f 559/643/559 558/656/558 573/665/573 574/669/574
f 552/645/552 551/658/551 566/667/566 567/670/567
f 560/644/560 559/643/559 574/669/574 575/671/575
f 553/646/553 552/645/552 567/670/567 568/672/568
f 561/647/561 560/644/560 575/671/575 576/673/576
f 554/648/554 553/646/553 568/672/568 569/674/569
f 562/649/562 561/647/561 576/673/576 577/675/577
f 555/650/555 554/648/554 569/674/569 570/676/570
f 563/651/563 562/649/562 577/675/577 578/660/578
f 556/652/556 555/650/555 570/676/570 571/662/571
f 568/672/568 567/670/567 582/677/582 583/678/583
f 576/673/576 575/671/575 590/679/590 591/680/591
f 569/674/569 568/672/568 583/678/583 584/681/584
f 577/675/577 576/673/576 591/680/591 592/682/592
f 570/676/570 569/674/569 584/681/584 585/683/585
f 578/660/578 577/675/577 592/682/592 593/684/593
f 571/662/571 570/676/570 585/683/585 586/685/586
f 579/661/579 578/660/578 593/684/593 594/686/594
f 572/663/572 571/662/571 586/685/586 587/687/587
f 580/664/580 579/661/579 594/686/594 595/688/595
f 573/665/573 572/663/572 587/687/587 588/689/588
f 566/667/566 483/690/483 581/691/581
f 490/692/490 580/664/580 595/688/595
f 574/669/574 573/665/573 588/689/588 589/693/589
f 567/670/567 566/667/566 581/691/581 582/677/582
f 575/671/575 574/669/574 589/693/589 590/679/590
f 587/687/587 586/685/586 601/694/601 602/695/602
f 595/688/595 594/686/594 609/696/609 610/697/610
f 588/689/588 587/687/587 602/695/602 603/698/603
f 581/691/581 483/699/483 596/700/596
f 490/701/490 595/688/595 610/697/610
f 589/693/589 588/689/588 603/698/603 604/702/604
f 582/677/582 581/691/581 596/700/596 597/703/597
f 590/679/590 589/693/589 604/702/604 605/704/605
f 583/678/583 582/677/582 597/703/597 598/705/598
f 591/680/591 590/679/590 605/704/605 606/706/606
f 584/681/584 583/678/583 598/705/598 599/707/599
f 592/682/592 591/680/591 606/706/606 607/708/607
f 585/683/585 584/681/584 599/707/599 600/709/600
f 593/684/593 592/682/592 607/708/607 608/710/608
f 586/685/586 585/683/585 600/709/600 601/694/601
f 594/686/594 593/684/593 608/710/608 609/696/609
f 606/706/606 605/704/605 620/711/620 621/712/621
f 599/707/599 598/705/598 613/713/613 614/714/614
f 607/708/607 606/706/606 621/712/621 622/715/622
f 600/709/600 599/707/599 614/714/614 615/716/615
f 608/710/608 607/708/607 622/715/622 623/717/623
f 601/694/601 600/709/600 615/716/615 616/718/616
f 609/696/609 608/710/608 623/717/623 624/719/624
f 602/695/602 601/694/601 616/718/616 617/720/617
f 610/697/610 609/696/609 624/719/624 625/721/625
f 603/698/603 602/695/602 617/720/617 618/722/618
f 596/700/596 483/723/483 611/724/611
f 490/725/490 610/697/610 625/721/625
f 604/702/604 603/698/603 618/722/618 619/726/619
f 597/703/597 596/700/596 611/724/611 612/727/612
f 605/704/605 604/702/604 619/726/619 620/711/620
f 598/705/598 597/703/597 612/727/612 613/713/613
f 625/721/625 624/719/624 639/728/639 640/729/640
f 618/722/618 617/720/617 632/730/632 633/731/633
f 611/724/611 483/732/483 626/733/626
f 490/734/490 625/721/625 640/729/640
f 619/726/619 618/722/618 633/731/633 634/735/634
f 612/727/612 611/724/611 626/733/626 627/736/627
f 620/711/620 619/726/619 634/735/634 635/737/635
f 613/713/613 612/727/612 627/736/627 628/738/628
f 621/712/621 620/711/620 635/737/635 636/739/636
f 614/714/614 613/713/613 628/738/628 629/740/629
f 622/715/622 621/712/621 636/739/636 637/741/637
f 615/716/615 614/714/614 629/740/629 630/742/630
f 623/717/623 622/715/622 637/741/637 638/743/638
f 616/718/616 615/716/615 630/742/630 631/744/631
f 624/719/624 623/717/623 638/743/638 639/728/639
f 617/720/617 616/718/616 631/744/631 632/730/632
f 629/740/629 628/738/628 643/745/643 644/746/644
f 637/741/637 636/739/636 651/747/651 652/748/652
f 630/742/630 629/740/629 644/746/644 645/749/645
f 638/743/638 637/741/637 652/748/652 653/750/653
f 631/744/631 630/742/630 645/749/645 646/751/646
f 639/728/639 638/743/638 653/750/653 654/752/654
f 632/730/632 631/744/631 646/751/646 647/753/647
f 640/729/640 639/728/639 654/752/654 655/754/655
f 633/731/633 632/730/632 647/753/647 648/755/648
f 626/733/626 483/756/483 641/757/641
f 490/758/490 640/729/640 655/754/655
f 634/735/634 633/731/633 648/755/648 649/759/649
f 627/736/627 626/733/626 641/757/641 642/760/642
f 635/737/635 634/735/634 649/759/649 650/761/650
f 628/738/628 627/736/627 642/760/642 643/745/643
f 636/739/636 635/737/635 650/761/650 651/747/651
f 648/755/648 647/753/647 662/762/662 663/763/663
f 641/757/641 483/764/483 656/765/656
f 490/766/490 655/754/655 670/767/670
f 649/759/649 648/755/648 663/763/663 664/768/664
f 642/760/642 641/757/641 656/765/656 657/769/657
f 650/761/650 649/759/649 664/768/664 665/770/665
f 643/745/643 642/760/642 657/769/657 658/771/658
f 651/747/651 650/761/650 665/770/665 666/772/666
f 644/746/644 643/745/643 658/771/658 659/773/659
f 652/748/652 651/747/651 666/772/666 667/774/667
f 645/749/645 644/746/644 659/773/659 660/775/660
f 653/750/653 652/748/652 667/774/667 668/776/668
f 646/751/646 645/749/645 660/775/660 661/777/661
f 654/752/654 653/750/653 668/776/668 669/778/669
f 647/753/647 646/751/646 661/777/661 662/762/662
f 655/754/655 654/752/654 669/778/669 670/767/670
f 667/774/667 666/772/666 681/779/681 682/780/682
f 660/775/660 659/773/659 674/781/674 675/782/675
f 668/776/668 667/774/667 682/780/682 683/783/683
f 661/777/661 660/775/660 675/782/675 676/784/676
f 669/778/669 668/776/668 683/783/683 684/785/684
f 662/762/662 661/777/661 676/784/676 677/786/677
f 670/767/670 669/778/669 684/785/684 685/787/685
f 663/763/663 662/762/662 677/786/677 678/788/678
f 656/765/656 483/789/483 671/790/671
f 490/791/490 670/767/670 685/787/685
f 664/768/664 663/763/663 678/788/678 679/792/679
f 657/769/657 656/765/656 671/790/671 672/793/672
f 665/770/665 664/768/664 679/792/679 680/794/680
f 658/771/658 657/769/657 672/793/672 673/795/673
f 666/772/666 665/770/665 680/794/680 681/779/681
f 659/773/659 658/771/658 673/795/673 674/781/674
f 490/796/490 685/787/685 700/797/700
f 679/792/679 678/788/678 693/798/693 694/799/694
f 672/793/672 671/790/671 686/800/686 687/801/687
f 680/794/680 679/792/679 694/799/694 695/802/695
f 673/795/673 672/793/672 687/801/687 688/803/688
f 681/779/681 680/794/680 695/802/695 696/804/696
f 674/781/674 673/795/673 688/803/688 689/805/689
f 682/780/682 681/779/681 696/804/696 697/806/697
f 675/782/675 674/781/674 689/805/689 690/807/690
f 683/783/683 682/780/682 697/806/697 698/808/698
f 676/784/676 675/782/675 690/807/690 691/809/691
f 684/785/684 683/783/683 698/808/698 699/810/699
f 677/786/677 676/784/676 691/809/691 692/811/692
f 685/787/685 684/785/684 699/810/699 700/797/700
f 678/788/678 677/786/677 692/811/692 693/798/693
f 671/790/671 483/812/483 686/800/686
f 698/808/698 697/806/697 712/813/712 713/814/713
f 691/809/691 690/807/690 705/815/705 706/816/706
f 699/810/699 698/808/698 713/814/713 714/817/714
f 692/811/692 691/809/691 706/816/706 707/818/707
f 700/797/700 699/810/699 714/817/714 715/819/715
f 693/798/693 692/811/692 707/818/707 708/820/708
f 686/800/686 483/821/483 701/822/701
f 490/823/490 700/797/700 715/819/715
f 694/799/694 693/798/693 708/820/708 709/824/709
f 687/801/687 686/800/686 701/822/701 702/825/702
f 695/802/695 694/799/694 709/824/709 710/826/710
f 688/803/688 687/801/687 702/825/702 703/827/703
f 696/804/696 695/802/695 710/826/710 711/828/711
f 689/805/689 688/803/688 703/827/703 704/829/704
f 697/806/697 696/804/696 711/828/711 712/813/712
f 690/807/690 689/805/689 704/829/704 705/815/705
f 702/825/702 701/822/701 716/830/716 717/831/717
f 710/826/710 709/824/709 724/832/724 725/833/725
f 703/827/703 702/825/702 717/831/717 718/834/718
f 711/828/711 710/826/710 725/833/725 726/835/726
f 704/829/704 703/827/703 718/834/718 719/836/719
f 712/813/712 711/828/711 726/835/726 727/837/727
f 705/815/705 704/829/704 719/836/719 720/838/720
f 713/814/713 712/813/712 727/837/727 728/839/728
f 706/816/706 705/815/705 720/838/720 721/840/721
f 714/817/714 713/814/713 728/839/728 729/841/729
f 707/818/707 706/816/706 721/840/721 722/842/722
f 715/819/715 714/817/714 729/841/729 730/843/730
f 708/820/708 707/818/707 722/842/722 723/844/723
f 701/822/701 483/845/483 716/830/716
f 490/846/490 715/819/715 730/843/730
f 709/824/709 708/820/708 723/844/723 724/832/724
f 721/840/721 720/838/720 735/847/735 736/848/736
f 729/841/729 728/839/728 743/849/743 744/850/744
f 722/842/722 721/840/721 736/848/736 737/851/737
f 730/843/730 729/841/729 744/850/744 745/852/745
f 723/844/723 722/842/722 737/851/737 738/853/738
f 716/830/716 483/854/483 731/855/731
f 490/856/490 730/843/730 745/852/745
f 724/832/724 723/844/723 738/853/738 739/857/739
f 717/831/717 716/830/716 731/855/731 732/858/732
f 725/833/725 724/832/724 739/857/739 740/859/740
f 718/834/718 717/831/717 732/858/732 733/860/733
f 726/835/726 725/833/725 740/859/740 741/861/741
f 719/836/719 718/834/718 733/860/733 734/862/734
f 727/837/727 726/835/726 741/861/741 742/863/742
f 720/838/720 719/836/719 734/862/734 735/847/735
f 728/839/728 727/837/727 742/863/742 743/849/743
f 740/859/740 739/857/739 754/864/754 755/865/755
f 733/860/733 732/858/732 747/866/747 748/867/748
f 741/861/741 740/859/740 755/865/755 756/868/756
f 734/862/734 733/860/733 748/867/748 749/869/749
f 742/863/742 741/861/741 756/868/756 757/870/757
f 735/847/735 734/862/734 749/869/749 750/871/750
f 743/849/743 742/863/742 757/870/757 758/872/758
f 736/848/736 735/847/735 750/871/750 751/873/751
f 744/850/744 743/849/743 758/872/758 759/874/759
f 737/851/737 736/848/736 751/873/751 752/875/752
f 745/852/745 744/850/744 759/874/759 760/876/760
f 738/853/738 737/851/737 752/875/752 753/877/753
f 731/855/731 483/878/483 746/879/746
f 490/880/490 745/852/745 760/876/760
f 739/857/739 738/853/738 753/877/753 754/864/754
f 732/858/732 731/855/731 746/879/746 747/866/747
f 759/874/759 758/872/758 773/881/773 774/882/774
f 752/875/752 751/873/751 766/883/766 767/884/767
f 760/876/760 759/874/759 774/882/774 775/885/775
f 753/877/753 752/875/752 767/884/767 768/886/768
f 746/879/746 483/887/483 761/888/761
f 490/889/490 760/876/760 775/885/775
f 754/864/754 753/877/753 768/886/768 769/890/769
f 747/866/747 746/879/746 761/888/761 762/891/762
f 755/865/755 754/864/754 769/890/769 770/892/770
f 748/867/748 747/866/747 762/891/762 763/893/763
f 756/868/756 755/865/755 770/892/770 771/894/771
f 749/869/749 748/867/748 763/893/763 764/895/764
f 757/870/757 756/868/756 771/894/771 772/896/772
f 750/871/750 749/869/749 764/895/764 765/897/765
f 758/872/758 757/870/757 772/896/772 773/881/773
f 751/873/751 750/871/750 765/897/765 766/883/766
f 763/893/763 762/891/762 777/898/777 778/899/778
f 771/894/771 770/892/770 785/900/785 786/901/786
f 764/895/764 763/893/763 778/899/778 779/902/779
f 772/896/772 771/894/771 786/901/786 787/903/787
f 765/897/765 764/895/764 779/902/779 780/904/780
f 773/881/773 772/896/772 787/903/787 788/905/788
f 766/883/766 765/897/765 780/904/780 781/906/781
f 774/882/774 773/881/773 788/905/788 789/907/789
f 767/884/767 766/883/766 781/906/781 782/908/782
f 775/885/775 774/882/774 789/907/789 790/909/790
f 768/886/768 767/884/767 782/908/782 783/910/783
f 761/888/761 483/911/483 776/912/776
f 490/913/490 775/885/775 790/909/790
f 769/890/769 768/886/768 783/910/783 784/914/784
f 762/891/762 761/888/761 776/912/776 777/898/777
f 770/892/770 769/890/769 784/914/784 785/900/785
f 782/908/782 781/906/781 796/915/796 797/916/797
f 790/909/790 789/907/789 804/917/804 805/918/805
f 783/910/783 782/908/782 797/916/797 798/919/798
f 776/912/776 483/920/483 791/921/791
f 490/922/490 790/909/790 805/918/805
f 784/914/784 783/910/783 798/919/798 799/923/799
f 777/898/777 776/912/776 791/921/791 792/924/792
f 785/900/785 784/914/784 799/923/799 800/925/800
f 778/899/778 777/898/777 792/924/792 793/926/793
f 786/901/786 785/900/785 800/925/800 801/927/801
f 779/902/779 778/899/778 793/926/793 794/928/794
f 787/903/787 786/901/786 801/927/801 802/929/802
f 780/904/780 779/902/779 794/928/794 795/930/795
f 788/905/788 787/903/787 802/929/802 803/931/803
f 781/906/781 780/904/780 795/930/795 796/915/796
f 789/907/789 788/905/788 803/931/803 804/917/804
f 801/927/801 800/925/800 815/932/815 816/933/816
f 794/928/794 793/926/793 808/934/808 809/935/809
f 802/929/802 801/927/801 816/933/816 817/936/817
f 795/930/795 794/928/794 809/935/809 810/937/810
f 803/931/803 802/929/802 817/936/817 818/938/818
f 796/915/796 795/930/795 810/937/810 811/939/811
f 804/917/804 803/931/803 818/938/818 819/940/819
f 797/916/797 796/915/796 811/939/811 812/941/812
f 805/918/805 804/917/804 819/940/819 820/942/820
f 798/919/798 797/916/797 812/941/812 813/943/813
f 791/921/791 483/944/483 806/945/806
f 490/946/490 805/918/805 820/942/820
f 799/923/799 798/919/798 813/943/813 814/947/814
f 792/924/792 791/921/791 806/945/806 807/948/807
f 800/925/800 799/923/799 814/947/814 815/932/815
f 793/926/793 792/924/792 807/948/807 808/934/808
f 820/942/820 819/940/819 834/949/834 835/950/835
f 813/943/813 812/941/812 827/951/827 828/952/828
f 806/945/806 483/953/483 821/954/821
f 490/955/490 820/942/820 835/950/835
f 814/947/814 813/943/813 828/952/828 829/956/829
f 807/948/807 806/945/806 821/954/821 822/957/822
f 815/932/815 814/947/814 829/956/829 830/958/830
f 808/934/808 807/948/807 822/957/822 823/959/823
f 816/933/816 815/932/815 830/958/830 831/960/831
f 809/935/809 808/934/808 823/959/823 824/961/824
f 817/936/817 816/933/816 831/960/831 832/962/832
f 810/937/810 809/935/809 824/961/824 825/963/825
f 818/938/818 817/936/817 832/962/832 833/964/833
f 811/939/811 810/937/810 825/963/825 826/965/826
f 819/940/819 818/938/818 833/964/833 834/949/834
f 812/941/812 811/939/811 826/965/826 827/951/827
f 832/962/832 831/960/831 846/966/846 847/967/847
f 825/963/825 824/961/824 839/968/839 840/969/840
f 833/964/833 832/962/832 847/967/847 848/970/848
f 826/965/826 825/963/825 840/969/840 841/971/841
f 834/949/834 833/964/833 848/970/848 849/972/849
f 827/951/827 826/965/826 841/971/841 842/973/842
f 835/950/835 834/949/834 849/972/849 850/974/850
f 828/952/828 827/951/827 842/973/842 843/975/843
f 821/954/821 483/976/483 836/977/836
f 490/978/490 835/950/835 850/974/850
f 829/956/829 828/952/828 843/975/843 844/979/844
f 822/957/822 821/954/821 836/977/836 837/980/837
f 830/958/830 829/956/829 844/979/844 845/981/845
f 823/959/823 822/957/822 837/980/837 838/982/838
f 831/960/831 830/958/830 845/981/845 846/966/846
f 824/961/824 823/959/823 838/982/838 839/968/839
f 836/983/836 483/984/483 851/985/851
f 490/986/490 850/987/850 865/988/865
f 844/989/844 843/990/843 858/991/858 859/992/859
f 837/993/837 836/983/836 851/985/851 852/994/852
f 845/995/845 844/989/844 859/992/859 860/996/860
f 838/997/838 837/993/837 852/994/852 853/998/853
f 846/999/846 845/995/845 860/996/860 861/1000/861
f 839/1001/839 838/997/838 853/998/853 854/1002/854
f 847/1003/847 846/999/846 861/1000/861 862/1004/862
f 840/1005/840 839/1001/839 854/1002/854 855/1006/855
f 848/1007/848 847/1003/847 862/1004/862 863/1008/863
f 841/1009/841 840/1005/840 855/1006/855 856/1010/856
f 849/1011/849 848/1007/848 863/1008/863 864/1012/864
f 842/1013/842 841/1009/841 856/1010/856 857/1014/857
f 850/987/850 849/1011/849 864/1012/864 865/988/865
f 843/990/843 842/1013/842 857/1014/857 858/991/858
f 855/1006/855 854/1002/854 869/1015/869 870/1016/870
f 863/1008/863 862/1004/862 877/1017/877 878/1018/878
f 856/1010/856 855/1006/855 870/1016/870 871/1019/871
f 864/1012/864 863/1008/863 878/1018/878 879/1020/879
f 857/1014/857 856/1010/856 871/1019/871 872/1021/872
f 865/988/865 864/1012/864 879/1020/879 880/1022/880
f 858/991/858 857/1014/857 872/1021/872 873/1023/873
f 851/985/851 483/1024/483 866/1025/866
f 490/1026/490 865/988/865 880/1022/880
f 859/992/859 858/991/858 873/1023/873 874/1027/874
f 852/994/852 851/985/851 866/1025/866 867/1028/867
f 860/996/860 859/992/859 874/1027/874 875/1029/875
f 853/998/853 852/994/852 867/1028/867 868/1030/868
f 861/1000/861 860/996/860 875/1029/875 876/1031/876
f 854/1002/854 853/998/853 868/1030/868 869/1015/869
f 862/1004/862 861/1000/861 876/1031/876 877/1017/877
f 874/1027/874 873/1023/873 888/1032/888 889/1033/889
f 867/1028/867 866/1025/866 881/1034/881 882/1035/882
f 875/1029/875 874/1027/874 889/1033/889 890/1036/890
f 868/1030/868 867/1028/867 882/1035/882 883/1037/883
f 876/1031/876 875/1029/875 890/1036/890 891/1038/891
f 869/1015/869 868/1030/868 883/1037/883 884/1039/884
f 877/1017/877 876/1031/876 891/1038/891 892/1040/892
f 870/1016/870 869/1015/869 884/1039/884 885/1041/885
f 878/1018/878 877/1017/877 892/1040/892 893/1042/893
f 871/1019/871 870/1016/870 885/1041/885 886/1043/886
f 879/1020/879 878/1018/878 893/1042/893 894/1044/894
f 872/1021/872 871/1019/871 886/1043/886 887/1045/887
f 880/1022/880 879/1020/879 894/1044/894 895/1046/895
f 873/1023/873 872/1021/872 887/1045/887 888/1032/888
f 866/1025/866 483/1047/483 881/1034/881
f 490/1048/490 880/1022/880 895/1046/895
f 893/1042/893 892/1040/892 907/1049/907 908/1050/908
f 886/1043/886 885/1041/885 900/1051/900 901/1052/901
f 894/1044/894 893/1042/893 908/1050/908 909/1053/909
f 887/1045/887 886/1043/886 901/1052/901 902/1054/902
f 895/1046/895 894/1044/894 909/1053/909 910/1055/910
f 888/1032/888 887/1045/887 902/1054/902 903/1056/903
f 881/1034/881 483/1057/483 896/1058/896
f 490/1059/490 895/1046/895 910/1055/910
f 889/1033/889 888/1032/888 903/1056/903 904/1060/904
f 882/1035/882 881/1034/881 896/1058/896 897/1061/897
f 890/1036/890 889/1033/889 904/1060/904 905/1062/905
f 883/1037/883 882/1035/882 897/1061/897 898/1063/898
f 891/1038/891 890/1036/890 905/1062/905 906/1064/906
f 884/1039/884 883/1037/883 898/1063/898 899/1065/899
f 892/1040/892 891/1038/891 906/1064/906 907/1049/907
f 885/1041/885 884/1039/884 899/1065/899 900/1051/900
f 897/1061/897 896/1058/896 911/1066/911 912/1067/912
f 905/1062/905 904/1060/904 919/1068/919 920/1069/920
f 898/1063/898 897/1061/897 912/1067/912 913/1070/913
f 906/1064/906 905/1062/905 920/1069/920 921/1071/921
f 899/1065/899 898/1063/898 913/1070/913 914/1072/914
f 907/1049/907 906/1064/906 921/1071/921 922/1073/922
f 900/1051/900 899/1065/899 914/1072/914 915/1074/915
f 908/1050/908 907/1049/907 922/1073/922 923/1075/923
f 901/1052/901 900/1051/900 915/1074/915 916/1076/916
f 909/1053/909 908/1050/908 923/1075/923 924/1077/924
f 902/1054/902 901/1052/901 916/1076/916 917/1078/917
f 910/1055/910 909/1053/909 924/1077/924 925/1079/925
f 903/1056/903 902/1054/902 917/1078/917 918/1080/918
f 896/1058/896 483/1081/483 911/1066/911
f 490/1082/490 910/1055/910 925/1079/925
f 904/1060/904 903/1056/903 918/1080/918 919/1068/919
f 916/1076/916 915/1074/915 930/1083/930 931/1084/931
f 924/1077/924 923/1075/923 938/1085/938 939/1086/939
f 917/1078/917 916/1076/916 931/1084/931 932/1087/932
f 925/1079/925 924/1077/924 939/1086/939 940/1088/940
f 918/1080/918 917/1078/917 932/1087/932 933/1089/933
f 911/1066/911 483/1090/483 926/1091/926
f 490/1092/490 925/1079/925 940/1088/940
f 919/1068/919 918/1080/918 933/1089/933 934/1093/934
f 912/1067/912 911/1066/911 926/1091/926 927/1094/927
f 920/1069/920 919/1068/919 934/1093/934 935/1095/935
f 913/1070/913 912/1067/912 927/1094/927 928/1096/928
f 921/1071/921 920/1069/920 935/1095/935 936/1097/936
f 914/1072/914 913/1070/913 928/1096/928 929/1098/929
f 922/1073/922 921/1071/921 936/1097/936 937/1099/937
f 915/1074/915 914/1072/914 929/1098/929 930/1083/930
f 923/1075/923 922/1073/922 937/1099/937 938/1085/938
f 935/1095/935 934/1093/934 949/1100/949 950/1101/950
f 928/1096/928 927/1094/927 942/1102/942 943/1103/943
f 936/1097/936 935/1095/935 950/1101/950 951/1104/951
f 929/1098/929 928/1096/928 943/1103/943 944/1105/944
f 937/1099/937 936/1097/936 951/1104/951 952/1106/952
f 930/1083/930 929/1098/929 944/1105/944 945/1107/945
f 938/1085/938 937/1099/937 952/1106/952 953/1108/953
f 931/1084/931 930/1083/930 945/1107/945 946/1109/946
f 939/1086/939 938/1085/938 953/1108/953 954/1110/954
f 932/1087/932 931/1084/931 946/1109/946 947/1111/947
f 940/1088/940 939/1086/939 954/1110/954 955/1112/955
f 933/1089/933 932/1087/932 947/1111/947 948/1113/948
f 926/1091/926 483/1114/483 941/1115/941
f 490/1116/490 940/1088/940 955/1112/955
f 934/1093/934 933/1089/933 948/1113/948 949/1100/949
f 927/1094/927 926/1091/926 941/1115/941 942/1102/942
f 954/1110/954 953/1108/953 962/561/962 963/560/963
f 947/1111/947 946/1109/946 959/565/959 486/564/486
f 955/1112/955 954/1110/954 963/560/963 964/568/964
f 948/1113/948 947/1111/947 486/564/486 487/570/487
f 941/1115/941 483/1117/483 956/572/956
f 490/1118/490 955/1112/955 964/568/964
f 949/1100/949 948/1113/948 487/570/487 488/576/488
f 942/1102/942 941/1115/941 956/572/956 957/578/957
f 950/1101/950 949/1100/949 488/576/488 960/580/960
f 943/1103/943 942/1102/942 957/578/957 484/582/484
f 951/1104/951 950/1101/950 960/580/960 489/584/489
f 944/1105/944 943/1103/943 484/582/484 958/586/958
f 952/1106/952 951/1104/951 489/584/489 961/588/961
f 945/1107/945 944/1105/944 958/586/958 485/590/485
f 953/1108/953 952/1106/952 961/588/961 962/561/962
f 946/1109/946 945/1107/945 485/590/485 959/565/959
